id,firstName,lastName,email,gender,salary,doj,mobile,dept
1,Reynolds,Attenborough,rattenborough0@auda.org.au,Male,167010,12-04-2025,683 246 1755,Marketing
2,Rodd,Berecloth,rberecloth1@statcounter.com,Male,54789,20-01-2025,233 734 3971,Engineering
3,Fonsie,Atkinson,fatkinson2@seattletimes.com,Male,175228,13-02-2025,604 505 0482,Support
4,Joey,O'Sheerin,josheerin3@mayoclinic.com,Male,119267,15-10-2024,619 126 1607,Research and Development
5,Sigismund,Willgoose,swillgoose4@miibeian.gov.cn,Male,108330,04-10-2024,916 760 1952,Business Development
6,Griff,O'Sherin,gosherin5@reddit.com,Male,75710,08-07-2025,575 112 5708,Support
7,Igor,Deschlein,ideschlein6@exblog.jp,Male,24348,31-07-2025,131 973 1883,Accounting
8,Kale,Willmetts,kwillmetts7@baidu.com,Male,164599,03-07-2025,171 822 2741,Research and Development
9,Irving,Order,iorder8@tuttocitta.it,Male,129187,13-07-2025,169 684 3626,Human Resources
10,Tiertza,Mead,tmead9@aol.com,Female,187172,04-10-2024,527 219 9994,Legal
11,Ulises,Timmens,utimmensa@jimdo.com,Male,133022,06-10-2024,675 965 9412,Accounting
12,Dacia,Wethey,dwetheyb@newyorker.com,Female,121610,22-03-2025,781 279 6323,Research and Development
13,Emily,Scotson,escotsonc@infoseek.co.jp,Polygender,38476,28-07-2025,244 123 3643,Product Management
14,Pasquale,Seivertsen,pseivertsend@gravatar.com,Male,167905,26-03-2025,352 327 2957,Legal
15,Teodorico,Ambroix,tambroixe@mysql.com,Male,78889,23-07-2025,698 986 6941,Engineering
16,Betteann,Johansen,bjohansenf@sitemeter.com,Female,144310,25-04-2025,786 904 6719,Business Development
17,Gertrud,Dutnall,gdutnallg@dyndns.org,Female,86922,04-04-2025,881 135 6673,Training
18,Murry,Cressey,mcresseyh@twitter.com,Male,80430,01-03-2025,791 673 2930,Human Resources
19,Basile,Ponceford,bponcefordi@dagondesign.com,Male,83511,16-05-2025,437 170 3568,Engineering
20,Rutledge,Eldon,reldonj@wunderground.com,Male,136369,20-06-2025,445 861 1254,Human Resources
21,Cymbre,Spilstead,cspilsteadk@zdnet.com,Non-binary,168820,24-11-2024,701 892 3480,Services
22,Siobhan,Howgate,showgatel@creativecommons.org,Female,108250,01-06-2025,269 116 6169,Legal
23,Noemi,Greedyer,ngreedyerm@nba.com,Female,17263,16-04-2025,317 384 2135,Accounting
24,Joelle,Greenlies,jgreenliesn@archive.org,Female,73657,26-08-2025,355 420 8143,Support
25,Fawnia,Cicculini,fcicculinio@go.com,Female,162615,20-05-2025,347 799 5690,Research and Development
26,Winifield,Tittershill,wtittershillp@typepad.com,Male,72348,25-11-2024,365 747 1488,Legal
27,Alie,Stamps,astampsq@cdc.gov,Female,50900,26-07-2025,412 218 4621,Services
28,Verney,Petit,vpetitr@hp.com,Male,184683,17-02-2025,847 627 1597,Legal
29,Swen,Checo,schecos@shareasale.com,Male,51746,18-11-2024,957 788 9803,Business Development
30,Maribeth,Parlot,mparlott@vk.com,Female,98427,18-02-2025,541 629 1954,Marketing
31,Natalina,Petrushanko,npetrushankou@boston.com,Female,136526,22-09-2024,661 447 0474,Research and Development
32,Elvis,Thorlby,ethorlbyv@newsvine.com,Male,142508,15-11-2024,263 774 8311,Marketing
33,Adham,Fulloway,afullowayw@csmonitor.com,Male,141535,23-08-2025,484 647 4517,Services
34,Katlin,Hatchett,khatchettx@mtv.com,Female,123034,07-01-2025,244 377 9923,Legal
35,Rosanne,Willavize,rwillavizey@sina.com.cn,Female,188426,08-04-2025,651 169 2093,Support
36,Elihu,Van Merwe,evanmerwez@macromedia.com,Male,96311,02-03-2025,926 755 2285,Human Resources
37,Branden,Lorie,blorie10@forbes.com,Male,90963,24-09-2024,819 611 8575,Engineering
38,Jude,Wigmore,jwigmore11@miibeian.gov.cn,Male,118818,15-05-2025,964 564 8213,Accounting
39,Christoph,Durdy,cdurdy12@smugmug.com,Male,33243,24-04-2025,991 830 3885,Product Management
40,Lon,Plaxton,lplaxton13@lulu.com,Male,32456,03-03-2025,372 952 9355,Legal
41,Flinn,Allaker,fallaker14@usgs.gov,Male,16496,20-10-2024,741 574 4528,Services
42,Fidelity,Jurgen,fjurgen15@chicagotribune.com,Female,133743,19-06-2025,231 717 5797,Support
43,Gilberto,Cradoc,gcradoc16@yahoo.com,Male,104643,24-06-2025,998 858 5939,Business Development
44,Lily,Bettenson,lbettenson17@virginia.edu,Female,134693,28-09-2024,532 386 7778,Marketing
45,Shelby,Smaile,ssmaile18@businessweek.com,Male,109834,23-07-2025,343 710 5413,Support
46,Rosemarie,Stowgill,rstowgill19@nps.gov,Bigender,174898,01-02-2025,922 249 2362,Sales
47,Bobbe,Dekeyser,bdekeyser1a@eepurl.com,Female,147947,02-01-2025,253 301 0865,Services
48,Livvy,Krojn,lkrojn1b@ow.ly,Female,124569,30-01-2025,537 687 0084,Engineering
49,Jacqueline,Madoc-Jones,jmadocjones1c@fastcompany.com,Female,102485,01-03-2025,749 969 6377,Support
50,Cullin,Havelin,chavelin1d@reverbnation.com,Male,42051,01-02-2025,189 127 4776,Services
51,Rickie,Odam,rodam1e@virginia.edu,Agender,96845,25-08-2025,572 819 5319,Support
52,Abe,Lippo,alippo1f@webmd.com,Male,169992,04-02-2025,297 800 2996,Human Resources
53,Sorcha,Dummigan,sdummigan1g@msn.com,Genderqueer,166953,09-12-2024,992 954 9991,Accounting
54,Clair,MacGorley,cmacgorley1h@bbc.co.uk,Female,169747,04-05-2025,521 193 0262,Human Resources
55,Calypso,Behagg,cbehagg1i@digg.com,Female,166173,31-12-2024,430 979 0352,Training
56,Kaitlynn,Leaver,kleaver1j@paypal.com,Female,180142,15-07-2025,183 149 7089,Legal
57,Man,Boosey,mboosey1k@godaddy.com,Male,113500,26-06-2025,918 633 7534,Sales
58,Gay,Josilevich,gjosilevich1l@alexa.com,Female,169083,11-06-2025,801 577 2135,Accounting
59,Kamilah,Colliber,kcolliber1m@geocities.jp,Female,100056,31-10-2024,412 348 1620,Business Development
60,Dana,Colyer,dcolyer1n@wiley.com,Male,80368,10-08-2025,149 325 8580,Services
61,Kennedy,Musico,kmusico1o@e-recht24.de,Male,60171,25-05-2025,453 707 5356,Services
62,Fina,Gillbee,fgillbee1p@vk.com,Female,41755,29-09-2024,521 497 3392,Marketing
63,Adrianne,McCrudden,amccrudden1q@cloudflare.com,Polygender,104569,28-03-2025,924 930 2115,Sales
64,Sydney,Stefanovic,sstefanovic1r@mac.com,Male,187181,12-12-2024,800 162 8540,Business Development
65,Abdel,Ollander,aollander1s@tinyurl.com,Male,156429,24-12-2024,578 112 2275,Human Resources
66,Dewey,MacGiolla,dmacgiolla1t@diigo.com,Male,24265,26-03-2025,224 657 4675,Support
67,Skippy,Laughren,slaughren1u@wikimedia.org,Male,126590,20-02-2025,846 393 0959,Marketing
68,Jessey,Culy,jculy1v@state.gov,Male,24850,31-01-2025,109 687 6114,Business Development
69,Bobbie,Curless,bcurless1w@slate.com,Female,155143,23-09-2024,352 675 3521,Legal
70,Janaya,Franceschi,jfranceschi1x@yellowbook.com,Female,49915,23-04-2025,793 719 8559,Support
71,Ferdy,Charrisson,fcharrisson1y@joomla.org,Male,166210,04-01-2025,567 554 7278,Services
72,Alida,Yuryshev,ayuryshev1z@loc.gov,Female,182894,16-04-2025,328 955 6559,Research and Development
73,Veronike,Hallgate,vhallgate20@reuters.com,Female,131158,20-08-2025,709 339 4543,Sales
74,Leonie,Hele,lhele21@nationalgeographic.com,Female,58701,29-12-2024,126 553 3183,Accounting
75,Alleyn,Tofano,atofano22@imageshack.us,Male,53416,04-05-2025,661 332 6584,Support
76,Stanislaw,Vaggs,svaggs23@github.com,Male,114464,11-10-2024,715 417 6252,Marketing
77,Tasha,Fludgate,tfludgate24@fastcompany.com,Bigender,83753,16-12-2024,859 978 3751,Engineering
78,Willi,Benfield,wbenfield25@biglobe.ne.jp,Non-binary,191314,13-09-2024,862 526 6968,Support
79,Malanie,Tomkiss,mtomkiss26@godaddy.com,Female,192358,05-09-2025,994 681 7504,Services
80,Uriel,Leeson,uleeson27@lycos.com,Male,71684,07-04-2025,553 508 8894,Training
81,Danya,Tongue,dtongue28@nbcnews.com,Male,73895,06-04-2025,303 344 8429,Business Development
82,Charlean,Caplis,ccaplis29@i2i.jp,Female,73742,25-10-2024,480 753 8971,Marketing
83,Kelci,Halliburton,khalliburton2a@biglobe.ne.jp,Female,191331,12-05-2025,580 121 0237,Services
84,Van,Schulze,vschulze2b@angelfire.com,Male,182956,18-08-2025,489 977 5240,Human Resources
85,Tiffani,Heymann,theymann2c@tripod.com,Polygender,152174,03-07-2025,276 922 6689,Services
86,Tobi,Zute,tzute2d@hc360.com,Female,96306,29-05-2025,869 636 0595,Business Development
87,Darlleen,Regardsoe,dregardsoe2e@t.co,Female,199125,03-05-2025,312 390 2091,Support
88,Cletis,Seegar,cseegar2f@plala.or.jp,Male,76464,03-12-2024,860 173 5591,Human Resources
89,Halley,Gwalter,hgwalter2g@sohu.com,Female,48098,02-04-2025,844 926 9196,Marketing
90,Veda,Hubball,vhubball2h@yahoo.co.jp,Female,76631,20-05-2025,363 437 7710,Engineering
91,Celestina,Earl,cearl2i@squidoo.com,Female,112142,03-05-2025,354 301 9643,Marketing
92,Adolph,Jobbins,ajobbins2j@google.co.jp,Male,110079,03-01-2025,865 735 1656,Sales
93,Candice,Have,chave2k@go.com,Polygender,154021,05-07-2025,850 832 7707,Training
94,Tabatha,Cornely,tcornely2l@jigsy.com,Female,123607,08-09-2025,599 450 2296,Business Development
95,Kat,Pedrazzi,kpedrazzi2m@goo.ne.jp,Female,30966,05-04-2025,144 210 4673,Product Management
96,Dalila,Norssister,dnorssister2n@biglobe.ne.jp,Female,188850,20-09-2024,196 223 0862,Accounting
97,Melisandra,Casacchia,mcasacchia2o@baidu.com,Female,189143,25-05-2025,983 124 4996,Training
98,York,Rumney,yrumney2p@macromedia.com,Polygender,106223,03-04-2025,347 582 6049,Human Resources
99,Quentin,MacGahy,qmacgahy2q@webs.com,Genderfluid,16865,21-11-2024,990 532 2971,Marketing
100,Corbie,Swyre,cswyre2r@yandex.ru,Non-binary,141985,20-10-2024,443 487 1631,Human Resources
101,Marne,Darmody,mdarmody2s@myspace.com,Female,73110,20-08-2025,792 865 0861,Accounting
102,Thorvald,Rampage,trampage2t@fda.gov,Male,118068,19-11-2024,879 170 4362,Accounting
103,Carlee,How,chow2u@omniture.com,Female,174328,25-08-2025,100 332 6881,Product Management
104,Joscelin,Edgecombe,jedgecombe2v@livejournal.com,Female,166537,05-01-2025,638 929 0598,Support
105,Elsa,Minci,eminci2w@simplemachines.org,Female,122825,09-02-2025,916 848 6642,Marketing
106,Guillaume,Dungay,gdungay2x@biglobe.ne.jp,Male,195292,18-12-2024,691 450 8945,Legal
107,Robb,Shuard,rshuard2y@nbcnews.com,Male,78549,05-01-2025,463 417 5737,Human Resources
108,Sigrid,Wortt,swortt2z@about.me,Female,54738,07-02-2025,428 676 2858,Legal
109,Marna,Jess,mjess30@is.gd,Female,79397,18-12-2024,781 535 8376,Marketing
110,Drugi,Baack,dbaack31@google.cn,Male,172387,22-12-2024,669 907 7575,Marketing
111,Reggi,Karleman,rkarleman32@smugmug.com,Female,186244,11-01-2025,750 858 7623,Sales
112,Aurelie,Pavett,apavett33@qq.com,Female,23257,08-12-2024,804 733 9394,Marketing
113,Inger,Perotti,iperotti34@prlog.org,Male,151335,18-09-2024,118 851 5991,Sales
114,Padraig,Ricket,pricket35@technorati.com,Male,36701,22-09-2024,216 521 6758,Legal
115,Artemus,Christophe,achristophe36@harvard.edu,Male,91215,22-02-2025,485 320 0736,Business Development
116,Cissy,Creegan,ccreegan37@columbia.edu,Genderqueer,126741,14-10-2024,831 195 4041,Marketing
117,Obed,Jedrys,ojedrys38@diigo.com,Male,42580,03-08-2025,491 226 6027,Human Resources
118,Oliy,Perks,operks39@archive.org,Female,41083,11-04-2025,809 379 9955,Business Development
119,Zed,Scotti,zscotti3a@reverbnation.com,Male,164524,06-01-2025,622 424 4543,Marketing
120,Willis,Springtorpe,wspringtorpe3b@cnn.com,Male,54332,23-11-2024,345 211 7873,Business Development
121,Any,Pott,apott3c@cmu.edu,Male,190368,13-07-2025,704 128 5920,Engineering
122,Lorry,Le Pruvost,llepruvost3d@taobao.com,Female,95055,21-06-2025,709 284 1919,Business Development
123,Fernande,Meah,fmeah3e@youtu.be,Female,197130,01-07-2025,817 700 5384,Engineering
124,Cori,Klimpke,cklimpke3f@issuu.com,Male,36297,02-03-2025,476 760 2535,Accounting
125,Calida,Penkman,cpenkman3g@illinois.edu,Bigender,74227,24-11-2024,640 117 1671,Engineering
126,Iseabal,Seedull,iseedull3h@facebook.com,Female,194930,11-10-2024,967 764 3354,Marketing
127,Gayel,Haglinton,ghaglinton3i@goo.ne.jp,Female,38990,02-10-2024,380 450 5464,Product Management
128,Durward,Braznell,dbraznell3j@webmd.com,Male,107773,23-04-2025,979 631 3391,Product Management
129,Marquita,Insley,minsley3k@dailymail.co.uk,Female,106822,13-02-2025,293 816 0313,Sales
130,Faulkner,Maggiore,fmaggiore3l@answers.com,Male,69292,07-10-2024,932 861 9118,Research and Development
131,Elladine,Adamowicz,eadamowicz3m@va.gov,Female,49395,15-07-2025,466 634 6316,Training
132,Celestyn,Carnew,ccarnew3n@rediff.com,Female,144625,13-06-2025,104 457 9547,Marketing
133,Monte,O'Grady,mogrady3o@ucsd.edu,Male,188163,25-10-2024,177 983 2574,Accounting
134,Emiline,Coning,econing3p@cpanel.net,Female,76255,14-05-2025,589 659 6969,Services
135,Yoshiko,Parminter,yparminter3q@taobao.com,Female,119377,30-04-2025,868 739 4396,Support
136,Bethina,Raymond,braymond3r@mapquest.com,Female,99641,27-03-2025,133 345 3210,Human Resources
137,Danica,Brotherwood,dbrotherwood3s@bing.com,Female,73695,04-11-2024,271 288 3625,Product Management
138,Sinclair,Bernlin,sbernlin3t@skype.com,Male,55784,14-10-2024,905 719 0007,Legal
139,Rosalynd,Iggulden,riggulden3u@flickr.com,Female,21603,26-05-2025,641 421 1720,Product Management
140,Billi,Yeell,byeell3v@goo.gl,Female,73584,19-06-2025,730 783 7710,Research and Development
141,Odo,Benninck,obenninck3w@nifty.com,Male,148871,16-04-2025,591 595 7536,Training
142,Liana,Bousler,lbousler3x@google.ca,Female,38330,14-11-2024,152 589 3878,Engineering
143,Fanny,Robertucci,frobertucci3y@phoca.cz,Female,73190,16-04-2025,335 565 6381,Training
144,Candice,Arkell,carkell3z@symantec.com,Female,106452,07-06-2025,751 781 3996,Legal
145,Lauraine,Whye,lwhye40@hubpages.com,Female,110481,08-05-2025,376 812 4339,Services
146,Alastair,Taft,ataft41@nyu.edu,Bigender,190132,04-02-2025,718 685 5447,Sales
147,Sofia,Cruttenden,scruttenden42@nhs.uk,Female,39898,26-05-2025,312 445 8843,Business Development
148,Marlowe,Timmermann,mtimmermann43@pinterest.com,Male,69364,19-05-2025,578 670 3188,Research and Development
149,Alix,Thomen,athomen44@abc.net.au,Male,122112,03-11-2024,757 709 6596,Legal
150,Oriana,Orviss,oorviss45@miitbeian.gov.cn,Female,140959,06-10-2024,125 773 8068,Sales
151,Sheffy,Barracks,sbarracks46@stanford.edu,Male,68732,15-05-2025,761 816 2496,Services
152,Alissa,Patriskson,apatriskson47@mail.ru,Female,47961,18-06-2025,564 678 3892,Sales
153,Kennith,Schimaschke,kschimaschke48@upenn.edu,Male,118698,09-04-2025,851 665 6581,Accounting
154,Hyman,Yair,hyair49@google.nl,Male,62593,12-02-2025,653 641 2044,Research and Development
155,John,Partridge,jpartridge4a@behance.net,Male,41492,20-11-2024,211 407 2912,Accounting
156,Enriqueta,Basil,ebasil4b@cocolog-nifty.com,Female,107174,07-09-2025,786 434 5848,Sales
157,Clarette,Bowyer,cbowyer4c@ifeng.com,Female,134562,11-02-2025,513 877 3155,Marketing
158,Wendall,Sedger,wsedger4d@soundcloud.com,Male,165121,15-11-2024,868 503 0156,Marketing
159,Julian,How,jhow4e@google.pl,Male,186981,22-02-2025,853 837 4834,Research and Development
160,Cesar,Mulcaster,cmulcaster4f@techcrunch.com,Male,114928,01-10-2024,461 673 4111,Marketing
161,Meggie,Eite,meite4g@pen.io,Female,56549,18-10-2024,139 792 8532,Support
162,Urson,Oliveti,uoliveti4h@bbb.org,Male,72580,13-02-2025,174 487 1365,Support
163,Darlleen,Karlqvist,dkarlqvist4i@sitemeter.com,Female,66258,01-09-2025,357 461 1995,Product Management
164,Ruy,Aslam,raslam4j@g.co,Male,189526,13-09-2024,397 931 7921,Services
165,Wheeler,Echlin,wechlin4k@ovh.net,Male,112463,10-04-2025,811 965 4970,Legal
166,Emmalyn,Leghorn,eleghorn4l@weebly.com,Female,136690,20-04-2025,593 444 6181,Accounting
167,Chester,Strutton,cstrutton4m@sakura.ne.jp,Male,68132,13-02-2025,300 248 0349,Product Management
168,Tiena,Huortic,thuortic4n@deliciousdays.com,Female,178126,10-07-2025,629 667 0908,Research and Development
169,Roderick,Birkbeck,rbirkbeck4o@topsy.com,Male,91523,09-01-2025,420 289 6730,Engineering
170,Frederigo,Campo,fcampo4p@ed.gov,Male,197617,01-08-2025,168 218 1006,Accounting
171,Wake,Laverock,wlaverock4q@mysql.com,Male,79275,29-06-2025,537 379 3029,Business Development
172,Andrej,Tollerton,atollerton4r@mozilla.com,Male,153979,24-12-2024,898 708 7886,Services
173,Geno,Grimsdale,ggrimsdale4s@ovh.net,Male,149984,29-03-2025,505 119 3602,Training
174,Tommi,Patman,tpatman4t@about.com,Female,191993,19-03-2025,479 939 6766,Sales
175,Sheela,Baily,sbaily4u@blogspot.com,Female,49150,02-04-2025,975 800 8391,Research and Development
176,Faina,Lavielle,flavielle4v@plala.or.jp,Female,165914,28-12-2024,583 345 7837,Services
177,Leonerd,Ventham,lventham4w@dyndns.org,Male,66055,24-03-2025,643 410 6883,Services
178,Tracey,Pyson,tpyson4x@upenn.edu,Female,134629,06-07-2025,513 609 6200,Human Resources
179,Haywood,Togher,htogher4y@ifeng.com,Male,52706,29-05-2025,922 787 5817,Support
180,Donny,Gravells,dgravells4z@vistaprint.com,Male,183552,13-11-2024,994 143 7857,Human Resources
181,Cassandra,Drewell,cdrewell50@admin.ch,Female,121751,10-08-2025,321 504 5035,Business Development
182,Mikey,Cossar,mcossar51@angelfire.com,Male,173549,31-01-2025,110 724 1481,Marketing
183,Anders,Kleinmann,akleinmann52@columbia.edu,Male,168759,31-03-2025,963 198 3196,Support
184,Kevon,Wanley,kwanley53@rambler.ru,Male,140175,17-12-2024,654 874 4090,Services
185,Shawn,Moynham,smoynham54@time.com,Male,31708,13-05-2025,417 560 6825,Services
186,Merle,Pringell,mpringell55@archive.org,Male,22493,06-12-2024,400 214 7722,Product Management
187,Akim,Sowman,asowman56@stanford.edu,Male,123614,01-06-2025,511 667 2895,Services
188,Marja,Middleton,mmiddleton57@csmonitor.com,Bigender,94926,10-09-2025,540 858 1633,Accounting
189,Korey,Aitken,kaitken58@kickstarter.com,Male,83069,06-01-2025,419 542 1096,Product Management
190,Joaquin,Volante,jvolante59@earthlink.net,Male,29292,17-05-2025,164 479 3047,Marketing
191,Merralee,Frowd,mfrowd5a@yellowbook.com,Female,39427,20-10-2024,421 592 3404,Marketing
192,Wes,Wickes,wwickes5b@admin.ch,Male,198368,10-05-2025,534 328 9777,Training
193,Lindi,Gathwaite,lgathwaite5c@intel.com,Female,176417,26-11-2024,971 455 8827,Training
194,Maggi,Grundon,mgrundon5d@photobucket.com,Female,102561,21-12-2024,527 232 0300,Support
195,Fabio,Cotty,fcotty5e@mapquest.com,Polygender,70232,11-10-2024,512 204 2699,Training
196,Garfield,Glyne,gglyne5f@hao123.com,Male,126662,06-03-2025,483 333 0690,Product Management
197,Sumner,Wigzell,swigzell5g@skype.com,Male,129843,08-09-2025,558 550 5906,Services
198,Joshua,Monery,jmonery5h@cbc.ca,Male,154380,05-03-2025,784 822 3897,Research and Development
199,Parker,Camus,pcamus5i@artisteer.com,Male,44682,04-10-2024,768 352 3348,Engineering
200,Betti,Tale,btale5j@census.gov,Female,174782,13-12-2024,588 135 8248,Research and Development
201,Bel,Scriver,bscriver5k@bravesites.com,Female,176822,23-02-2025,745 681 6891,Engineering
202,Margie,Elmes,melmes5l@tinyurl.com,Female,93681,26-02-2025,562 122 2421,Legal
203,Anneliese,Rolse,arolse5m@mozilla.org,Female,165673,30-12-2024,169 734 9755,Marketing
204,Kate,Cathee,kcathee5n@linkedin.com,Female,88730,21-12-2024,301 720 6007,Support
205,Irvin,Molesworth,imolesworth5o@usnews.com,Male,45720,12-07-2025,856 513 8191,Human Resources
206,Henka,Antonat,hantonat5p@bluehost.com,Female,170047,10-07-2025,567 509 6028,Support
207,Cindie,Antrobus,cantrobus5q@cnbc.com,Female,124648,11-10-2024,756 600 5931,Human Resources
208,Miran,Himsworth,mhimsworth5r@ibm.com,Female,62377,17-03-2025,806 883 6846,Support
209,Raddie,Jakeman,rjakeman5s@privacy.gov.au,Male,129073,30-06-2025,541 765 9350,Legal
210,Carol,Maypother,cmaypother5t@jiathis.com,Female,181512,15-07-2025,931 836 3873,Services
211,Victoir,Nodin,vnodin5u@lulu.com,Male,198063,30-06-2025,770 891 4499,Marketing
212,Deidre,Marquese,dmarquese5v@java.com,Female,173035,28-05-2025,412 374 4627,Engineering
213,Sib,Houndesome,shoundesome5w@rediff.com,Female,76145,19-03-2025,590 326 2436,Accounting
214,Devonne,Dutt,ddutt5x@woothemes.com,Female,45755,06-01-2025,129 245 8770,Accounting
215,Robb,Burch,rburch5y@house.gov,Male,170202,11-02-2025,596 977 2421,Research and Development
216,Richy,Horsell,rhorsell5z@accuweather.com,Male,124077,28-06-2025,771 619 3849,Marketing
217,Bernelle,Spir,bspir60@multiply.com,Female,71330,14-05-2025,571 219 8812,Accounting
218,Tiffanie,Jansie,tjansie61@smugmug.com,Female,104466,21-12-2024,184 873 4364,Accounting
219,Poul,Hollingsby,phollingsby62@pinterest.com,Male,161602,11-08-2025,787 850 0440,Training
220,Melantha,Winsome,mwinsome63@51.la,Female,174782,24-04-2025,818 348 7163,Accounting
221,Natasha,Cruce,ncruce64@time.com,Female,140168,28-09-2024,248 877 8731,Services
222,Earvin,Ortes,eortes65@de.vu,Male,100451,29-05-2025,724 799 3685,Human Resources
223,Benjamin,Burndred,bburndred66@so-net.ne.jp,Male,116665,12-11-2024,120 556 3343,Training
224,Taber,Amis,tamis67@berkeley.edu,Male,131929,20-09-2024,863 715 6656,Research and Development
225,Justen,Ganny,jganny68@bravesites.com,Male,194874,15-02-2025,587 921 1980,Engineering
226,Esdras,Curston,ecurston69@netscape.com,Bigender,63794,13-09-2024,186 511 0437,Marketing
227,Korella,Abberley,kabberley6a@so-net.ne.jp,Female,91915,26-05-2025,984 852 1418,Legal
228,Lesley,Sheals,lsheals6b@theguardian.com,Male,81881,23-02-2025,623 798 2863,Legal
229,Clary,Symper,csymper6c@gov.uk,Female,22682,30-08-2025,952 493 3300,Training
230,Lynnett,Lintin,llintin6d@w3.org,Female,122573,19-10-2024,879 440 9445,Accounting
231,Allissa,Abson,aabson6e@narod.ru,Female,34894,19-07-2025,374 968 7365,Legal
232,Parke,Deaves,pdeaves6f@cdbaby.com,Male,92093,28-11-2024,821 371 6761,Marketing
233,Mallory,Pawlett,mpawlett6g@storify.com,Female,21243,26-05-2025,776 274 8643,Services
234,Loreen,Newberry,lnewberry6h@google.ru,Female,141977,22-01-2025,643 322 1432,Accounting
235,Theo,Caddan,tcaddan6i@aol.com,Male,133148,11-04-2025,219 555 6554,Support
236,Stephenie,Denyer,sdenyer6j@dell.com,Female,70170,01-09-2025,456 585 9716,Research and Development
237,Amabel,Valintine,avalintine6k@infoseek.co.jp,Female,128305,15-11-2024,278 498 5810,Sales
238,Thomasina,Tomkinson,ttomkinson6l@blogger.com,Female,79652,11-07-2025,779 412 5504,Legal
239,Verile,Rowantree,vrowantree6m@engadget.com,Agender,32322,24-03-2025,941 760 2686,Legal
240,Trevor,Ledingham,tledingham6n@tiny.cc,Male,85703,07-06-2025,269 592 8388,Human Resources
241,Thoma,Lanchbery,tlanchbery6o@timesonline.co.uk,Genderqueer,161226,02-07-2025,466 763 5631,Services
242,Aggi,Grand,agrand6p@dmoz.org,Female,147577,28-05-2025,827 968 8896,Sales
243,Dov,Wagstaffe,dwagstaffe6q@cargocollective.com,Male,158525,12-06-2025,984 508 5912,Product Management
244,Farley,Spalding,fspalding6r@auda.org.au,Non-binary,36737,18-06-2025,428 835 1297,Research and Development
245,Orly,Alleyne,oalleyne6s@berkeley.edu,Female,102394,04-08-2025,859 215 8325,Accounting
246,Gnni,Keeling,gkeeling6t@pbs.org,Female,126298,04-04-2025,416 631 1834,Accounting
247,Theresita,Smiley,tsmiley6u@goo.gl,Bigender,52125,11-12-2024,393 901 5784,Marketing
248,Terrence,MacLachlan,tmaclachlan6v@microsoft.com,Male,185598,26-12-2024,392 627 8464,Engineering
249,Karna,Swiffan,kswiffan6w@epa.gov,Female,77566,01-01-2025,515 894 9194,Support
250,Nealon,Grisewood,ngrisewood6x@phoca.cz,Male,151862,25-03-2025,251 743 1875,Business Development
251,Evan,Rupel,erupel6y@hostgator.com,Male,47644,06-07-2025,375 208 2298,Human Resources
252,Damara,Larway,dlarway6z@alexa.com,Female,128916,19-02-2025,829 796 7359,Sales
253,Gayler,Scarlon,gscarlon70@nature.com,Male,131018,07-01-2025,540 569 7089,Support
254,Frazer,Absolom,fabsolom71@reference.com,Male,137019,23-02-2025,633 255 6060,Marketing
255,Nobie,Hughes,nhughes72@sitemeter.com,Male,198033,01-11-2024,851 705 0478,Engineering
256,Henrie,Grafton-Herbert,hgraftonherbert73@amazon.co.jp,Female,46536,27-07-2025,688 189 4224,Engineering
257,Blanca,Mildenhall,bmildenhall74@blogspot.com,Female,92809,14-09-2024,382 972 7456,Business Development
258,Hyman,McFfaden,hmcffaden75@bravesites.com,Male,151289,20-03-2025,586 599 6142,Business Development
259,Sawyer,Theodore,stheodore76@marriott.com,Male,49330,24-10-2024,140 862 3250,Accounting
260,Sibby,Glaze,sglaze77@mayoclinic.com,Female,53380,07-02-2025,498 477 0108,Training
261,Cairistiona,Delamere,cdelamere78@nhs.uk,Female,122900,06-01-2025,351 534 7530,Human Resources
262,Koenraad,Pimlott,kpimlott79@yellowpages.com,Male,57264,27-04-2025,647 867 5571,Marketing
263,Adele,Gouly,agouly7a@lulu.com,Genderqueer,146434,07-04-2025,347 695 5897,Research and Development
264,Editha,Pipworth,epipworth7b@comcast.net,Female,152413,21-03-2025,362 156 4984,Product Management
265,Curry,Chattelaine,cchattelaine7c@reddit.com,Male,131048,13-04-2025,289 617 0349,Engineering
266,Augusto,Kinforth,akinforth7d@disqus.com,Male,128081,25-07-2025,990 363 6982,Support
267,Arlen,Fredi,afredi7e@youku.com,Non-binary,84829,05-12-2024,712 235 8904,Human Resources
268,Welsh,Sandeland,wsandeland7f@usnews.com,Male,188710,18-07-2025,424 521 6253,Research and Development
269,Carita,De Witt,cdewitt7g@spotify.com,Female,185073,02-06-2025,433 789 1784,Services
270,Tammie,Voce,tvoce7h@dailymotion.com,Female,145867,19-07-2025,644 799 3796,Product Management
271,Prissie,Bartozzi,pbartozzi7i@virginia.edu,Female,142395,24-07-2025,241 169 7268,Training
272,Cathie,Puckey,cpuckey7j@princeton.edu,Female,82479,17-10-2024,636 306 6521,Engineering
273,Waylon,Saldler,wsaldler7k@eventbrite.com,Polygender,138860,31-03-2025,592 574 1388,Human Resources
274,Adams,Dumingos,adumingos7l@usa.gov,Male,119646,07-11-2024,354 164 1942,Human Resources
275,Nicko,Nobles,nnobles7m@amazon.com,Genderqueer,195017,09-08-2025,501 192 1096,Sales
276,Patience,Heynen,pheynen7n@microsoft.com,Female,192932,13-08-2025,596 347 0855,Research and Development
277,Tandi,Rizzone,trizzone7o@wikipedia.org,Female,135885,25-12-2024,466 207 7660,Support
278,Talbot,Dumbreck,tdumbreck7p@baidu.com,Male,127755,23-12-2024,789 683 0771,Product Management
279,Jyoti,Waryk,jwaryk7q@rediff.com,Female,78318,15-03-2025,598 260 7354,Research and Development
280,Chantalle,Nodes,cnodes7r@tiny.cc,Female,126897,08-11-2024,871 672 5090,Accounting
281,Giovanna,Burgane,gburgane7s@unicef.org,Female,18644,27-04-2025,444 780 3142,Accounting
282,Mitchell,Leverton,mleverton7t@cbsnews.com,Male,187702,10-10-2024,537 754 3879,Business Development
283,Kathy,Wiersma,kwiersma7u@technorati.com,Female,164677,01-12-2024,720 431 8069,Human Resources
284,Koo,Cicculi,kcicculi7v@google.cn,Female,28452,04-09-2025,209 844 8830,Marketing
285,Chiarra,Kybird,ckybird7w@alibaba.com,Female,141989,10-12-2024,810 771 5672,Services
286,Elston,Blackburn,eblackburn7x@discovery.com,Genderfluid,44994,12-05-2025,619 129 0993,Support
287,Judy,MacCaughen,jmaccaughen7y@gmpg.org,Female,59615,25-12-2024,612 846 0976,Accounting
288,Robbin,Winkworth,rwinkworth7z@jiathis.com,Female,40202,16-03-2025,145 448 9017,Engineering
289,Gertrude,Nettleship,gnettleship80@wix.com,Female,140544,25-09-2024,636 252 8375,Marketing
290,Sheffie,Lumbly,slumbly81@wikipedia.org,Male,193501,02-06-2025,196 743 8775,Human Resources
291,Bucky,Chandler,bchandler82@ezinearticles.com,Male,42572,23-12-2024,783 873 4024,Training
292,Germain,Silmon,gsilmon83@huffingtonpost.com,Female,88800,03-06-2025,388 512 5859,Research and Development
293,Gilbert,Dilks,gdilks84@hibu.com,Male,158502,13-02-2025,412 931 8546,Product Management
294,Bevvy,Venediktov,bvenediktov85@altervista.org,Female,186550,10-11-2024,438 763 5286,Human Resources
295,Giff,Werndly,gwerndly86@techcrunch.com,Male,92743,16-01-2025,806 687 0609,Research and Development
296,Hedvige,Bautiste,hbautiste87@webeden.co.uk,Female,149339,10-08-2025,801 968 2195,Business Development
297,Rosabel,Sange,rsange88@fema.gov,Female,46312,05-11-2024,795 422 0938,Business Development
298,Magdalene,Meek,mmeek89@sun.com,Female,138712,14-01-2025,261 883 0688,Sales
299,Ikey,Statton,istatton8a@umn.edu,Male,82459,17-09-2024,363 118 5644,Product Management
300,Maddy,Antill,mantill8b@google.fr,Female,160410,12-06-2025,447 550 9315,Support
301,Earvin,Kraut,ekraut8c@usnews.com,Male,148354,02-03-2025,955 236 7545,Marketing
302,Gilburt,Acaster,gacaster8d@spiegel.de,Genderfluid,55512,21-03-2025,876 507 7853,Sales
303,Edna,Winscom,ewinscom8e@ted.com,Female,71624,07-03-2025,930 875 5575,Business Development
304,Trip,Avann,tavann8f@smugmug.com,Non-binary,49634,10-11-2024,919 108 4629,Human Resources
305,Benton,Pallent,bpallent8g@earthlink.net,Male,116636,11-08-2025,976 687 1946,Engineering
306,Hildy,Steer,hsteer8h@nasa.gov,Female,16579,08-10-2024,481 736 1318,Research and Development
307,Avery,Leary,aleary8i@hhs.gov,Male,178604,13-01-2025,737 827 0709,Accounting
308,Cyndia,Blasdale,cblasdale8j@sfgate.com,Female,165664,03-11-2024,421 628 0431,Marketing
309,Blondell,Knight,bknight8k@sciencedaily.com,Female,174135,30-04-2025,219 786 0595,Services
310,Alfy,Minifie,aminifie8l@a8.net,Genderfluid,107134,07-10-2024,786 527 5616,Business Development
311,Bendix,Adamek,badamek8m@163.com,Male,110999,18-08-2025,576 211 6631,Business Development
312,Delly,Derisley,dderisley8n@list-manage.com,Female,141905,15-08-2025,404 708 7996,Research and Development
313,Boycey,Feldbrin,bfeldbrin8o@disqus.com,Agender,193809,16-09-2024,136 510 4812,Services
314,Sebastian,McCallion,smccallion8p@lycos.com,Male,101782,21-03-2025,493 296 6486,Engineering
315,Adriana,Carlile,acarlile8q@google.co.uk,Female,198133,07-12-2024,525 836 6544,Human Resources
316,Tatiania,Hitzke,thitzke8r@cornell.edu,Female,61547,16-02-2025,780 224 7095,Research and Development
317,Karine,Bonallick,kbonallick8s@ox.ac.uk,Female,116988,17-07-2025,409 352 1302,Human Resources
318,Cullie,Scally,cscally8t@psu.edu,Male,16707,01-01-2025,716 561 7736,Services
319,Odele,Fowle,ofowle8u@jigsy.com,Female,39603,03-02-2025,152 405 2929,Engineering
320,Larisa,Loxdale,lloxdale8v@columbia.edu,Female,89147,03-01-2025,185 452 2824,Sales
321,Cullin,Piccard,cpiccard8w@webs.com,Male,89296,21-02-2025,798 522 8012,Sales
322,Ranee,Strongman,rstrongman8x@stanford.edu,Female,103010,06-12-2024,153 846 7870,Services
323,Eadith,Lealle,elealle8y@newsvine.com,Female,155886,15-09-2024,503 869 0899,Legal
324,Afton,Whitmore,awhitmore8z@dyndns.org,Female,194059,16-04-2025,268 630 2538,Accounting
325,Gert,McCunn,gmccunn90@whitehouse.gov,Female,63741,13-03-2025,110 429 0591,Business Development
326,Jessalin,Stallworthy,jstallworthy91@webnode.com,Female,147824,25-05-2025,603 576 4748,Product Management
327,Knox,Fricke,kfricke92@eepurl.com,Male,199618,28-05-2025,916 127 2959,Services
328,Norina,Yeeles,nyeeles93@yelp.com,Female,48905,31-12-2024,164 894 0826,Human Resources
329,Logan,Tithecote,ltithecote94@constantcontact.com,Male,140769,06-04-2025,134 154 5262,Product Management
330,Devan,Wassell,dwassell95@dailymail.co.uk,Female,70559,03-11-2024,922 176 6118,Training
331,Winny,Minette,wminette96@wp.com,Male,171237,29-10-2024,386 233 2425,Sales
332,Hakeem,Boise,hboise97@aol.com,Male,112399,12-12-2024,834 492 9981,Sales
333,Pablo,Fishley,pfishley98@apple.com,Polygender,49719,25-12-2024,116 301 9775,Business Development
334,Fraze,McCrann,fmccrann99@discuz.net,Male,105152,19-11-2024,455 906 1785,Legal
335,Aubine,Divver,adivver9a@google.co.uk,Female,197402,11-08-2025,636 887 2362,Business Development
336,Bartel,Du Fray,bdufray9b@sciencedaily.com,Male,44797,02-09-2025,558 821 8265,Accounting
337,Vilhelmina,Leipoldt,vleipoldt9c@examiner.com,Female,138218,14-04-2025,634 950 0969,Sales
338,Heinrik,Bushen,hbushen9d@myspace.com,Male,38180,14-10-2024,303 731 7530,Research and Development
339,Franchot,Jochens,fjochens9e@ifeng.com,Male,28061,18-12-2024,172 244 4675,Product Management
340,Osgood,Knock,oknock9f@etsy.com,Male,35193,08-10-2024,361 410 4568,Business Development
341,Sophi,Skellern,sskellern9g@cdc.gov,Female,186665,01-06-2025,761 600 2936,Services
342,Aliza,Adacot,aadacot9h@phoca.cz,Female,178633,06-02-2025,487 989 2328,Sales
343,Ariana,Dufoure,adufoure9i@imageshack.us,Female,44168,06-02-2025,419 113 4654,Engineering
344,Yolande,Hawkey,yhawkey9j@mac.com,Female,196803,21-11-2024,920 970 4113,Legal
345,Edmund,Sherwen,esherwen9k@thetimes.co.uk,Male,45608,31-01-2025,713 218 2405,Marketing
346,Etan,Churm,echurm9l@instagram.com,Male,132234,29-08-2025,147 240 6397,Legal
347,Miguel,Buttwell,mbuttwell9m@hp.com,Male,115840,24-09-2024,494 932 5563,Services
348,Essie,Jiran,ejiran9n@marketwatch.com,Female,185908,14-11-2024,374 429 1484,Research and Development
349,Travers,Jaspar,tjaspar9o@upenn.edu,Bigender,53952,12-03-2025,570 825 8087,Training
350,Banky,Goudman,bgoudman9p@bbb.org,Male,162738,12-04-2025,764 327 2662,Support
351,Carlotta,Keri,ckeri9q@cloudflare.com,Female,98975,22-03-2025,448 834 6997,Sales
352,Kalinda,Rizzetti,krizzetti9r@springer.com,Female,16987,12-06-2025,304 850 3208,Product Management
353,Findley,Tudball,ftudball9s@europa.eu,Male,198959,05-02-2025,646 228 5398,Marketing
354,Yard,Yashnov,yyashnov9t@nymag.com,Male,175366,10-02-2025,948 176 5465,Marketing
355,Federica,Chadd,fchadd9u@eepurl.com,Female,80843,07-10-2024,336 956 6671,Sales
356,Anabella,Newvell,anewvell9v@ocn.ne.jp,Non-binary,18214,18-10-2024,305 207 6032,Business Development
357,Petunia,Ettels,pettels9w@salon.com,Female,196715,12-08-2025,501 596 5980,Research and Development
358,Oneida,Denny,odenny9x@ezinearticles.com,Female,164288,25-01-2025,949 425 9961,Engineering
359,Alissa,Philipsson,aphilipsson9y@over-blog.com,Female,15399,07-09-2025,253 469 9655,Engineering
360,Drucill,Goshawk,dgoshawk9z@php.net,Female,66093,11-07-2025,724 207 4884,Business Development
361,Faustina,Christoffersen,fchristoffersena0@hibu.com,Female,80969,10-04-2025,469 183 7822,Legal
362,Orlando,Pendrill,opendrilla1@imageshack.us,Male,70987,17-08-2025,625 217 4247,Support
363,Clevie,Cranna,ccrannaa2@exblog.jp,Male,153091,28-11-2024,664 603 5786,Support
364,Nicoli,Yerill,nyerilla3@parallels.com,Female,51147,17-09-2024,559 537 3222,Accounting
365,Gustaf,Eisold,geisolda4@edublogs.org,Male,86725,29-04-2025,405 594 8036,Sales
366,Rozalin,Lenton,rlentona5@123-reg.co.uk,Female,169932,10-03-2025,222 503 7796,Marketing
367,Hyacinthe,Chapleo,hchapleoa6@etsy.com,Female,18695,17-05-2025,169 853 7810,Legal
368,Valerie,Discombe,vdiscombea7@ning.com,Female,68580,23-05-2025,686 718 4800,Marketing
369,Ingmar,Craigie,icraigiea8@unicef.org,Male,152287,31-03-2025,239 401 7300,Sales
370,Sancho,Cariss,scarissa9@utexas.edu,Male,138486,05-11-2024,257 471 1168,Legal
371,Kenn,Davidwitz,kdavidwitzaa@globo.com,Genderqueer,83624,05-06-2025,831 261 0412,Product Management
372,Bobbye,Di Maria,bdimariaab@spiegel.de,Female,120196,19-04-2025,264 389 4133,Legal
373,Armando,MacKibbon,amackibbonac@npr.org,Male,81921,22-05-2025,296 922 2928,Engineering
374,Eugen,Dumbar,edumbarad@wordpress.com,Male,93988,21-03-2025,982 284 1026,Legal
375,Hadleigh,Pach,hpachae@hexun.com,Male,69096,07-04-2025,817 291 2313,Services
376,Daveen,Wickwar,dwickwaraf@squidoo.com,Female,126480,03-10-2024,998 295 1879,Research and Development
377,Meaghan,Ertel,mertelag@google.nl,Female,90555,23-03-2025,467 198 0728,Training
378,Silvia,Able,sableah@ezinearticles.com,Female,153896,04-03-2025,485 377 0257,Accounting
379,Rusty,Barczynski,rbarczynskiai@ebay.com,Male,159266,03-05-2025,361 451 7644,Marketing
380,Gavan,McGougan,gmcgouganaj@baidu.com,Male,65395,23-07-2025,595 509 3480,Engineering
381,Lian,Brecher,lbrecherak@google.fr,Genderfluid,20506,05-10-2024,129 784 8330,Support
382,Alicia,Persitt,apersittal@nsw.gov.au,Female,96451,14-08-2025,568 226 5696,Human Resources
383,Pru,Bold,pboldam@fda.gov,Female,52853,13-02-2025,549 590 8277,Business Development
384,Patrica,Clempton,pclemptonan@ocn.ne.jp,Female,58269,29-11-2024,264 253 4439,Business Development
385,Jaime,Ablitt,jablittao@house.gov,Female,177925,08-10-2024,157 161 8718,Sales
386,Clemence,Gumbrell,cgumbrellap@ifeng.com,Polygender,173269,14-12-2024,197 595 8865,Services
387,Ignazio,Loveguard,iloveguardaq@webs.com,Male,110735,19-02-2025,736 275 9216,Legal
388,Romy,Brompton,rbromptonar@admin.ch,Female,106227,03-01-2025,544 797 4245,Services
389,Alexandro,Georgiev,ageorgievas@independent.co.uk,Male,185796,19-11-2024,975 450 3063,Research and Development
390,Lucinda,Milmith,lmilmithat@blog.com,Female,140818,31-12-2024,358 122 0522,Human Resources
391,Wallie,Volage,wvolageau@123-reg.co.uk,Male,20153,25-12-2024,684 950 9179,Services
392,Toddy,Cowmeadow,tcowmeadowav@themeforest.net,Male,102851,09-04-2025,153 124 0326,Accounting
393,Rosabella,Alford,ralfordaw@unblog.fr,Female,184373,12-10-2024,538 622 0966,Support
394,Ardenia,Shambroke,ashambrokeax@pagesperso-orange.fr,Female,110719,11-03-2025,541 854 5746,Engineering
395,Candida,Verling,cverlingay@google.fr,Female,96642,20-03-2025,954 491 2896,Marketing
396,Flori,Bradnocke,fbradnockeaz@china.com.cn,Female,166787,19-12-2024,540 301 1986,Product Management
397,Michale,Speariett,mspeariettb0@acquirethisname.com,Male,35906,19-04-2025,228 812 1390,Sales
398,Tabby,Golborne,tgolborneb1@mit.edu,Bigender,33745,12-06-2025,191 378 1073,Accounting
399,Barrie,Pendrid,bpendridb2@gnu.org,Female,26354,28-09-2024,862 620 7064,Research and Development
400,Pippa,Pickering,ppickeringb3@godaddy.com,Female,78373,04-10-2024,939 605 7771,Services
401,Dietrich,Killingbeck,dkillingbeckb4@angelfire.com,Male,30837,28-10-2024,536 879 2307,Services
402,Hermy,Baldack,hbaldackb5@microsoft.com,Male,87684,29-03-2025,672 852 7307,Business Development
403,Elsey,Chittim,echittimb6@ibm.com,Female,144352,08-03-2025,736 779 2452,Services
404,Tallia,Koschke,tkoschkeb7@gov.uk,Female,15862,04-01-2025,522 633 7133,Accounting
405,Joella,Dimic,jdimicb8@comcast.net,Female,62083,07-04-2025,635 931 2064,Engineering
406,Sofia,Feeham,sfeehamb9@dedecms.com,Female,141369,07-03-2025,224 602 8795,Accounting
407,Trude,Liversidge,tliversidgeba@macromedia.com,Female,198106,05-04-2025,978 774 7080,Accounting
408,Miguelita,Meade,mmeadebb@bbb.org,Female,174891,19-02-2025,142 218 0355,Support
409,Noella,Bremmer,nbremmerbc@over-blog.com,Female,98769,09-10-2024,610 305 9377,Support
410,Lyn,Bloodworthe,lbloodworthebd@pbs.org,Female,111426,31-12-2024,220 943 8308,Business Development
411,Kin,Gallagher,kgallagherbe@facebook.com,Male,117833,13-07-2025,543 785 4596,Marketing
412,Pincus,Cristoferi,pcristoferibf@arizona.edu,Male,106881,30-05-2025,416 837 7569,Sales
413,Jory,McReidy,jmcreidybg@cbc.ca,Male,156184,16-09-2024,150 418 1188,Accounting
414,Latrina,Abbs,labbsbh@youtube.com,Female,136318,09-11-2024,876 590 5778,Legal
415,Warden,Tollmache,wtollmachebi@last.fm,Male,157305,12-03-2025,904 874 1519,Marketing
416,Paulette,Woodham,pwoodhambj@hp.com,Non-binary,156511,15-04-2025,216 987 0649,Marketing
417,Gabey,Jilliss,gjillissbk@flavors.me,Agender,131837,12-07-2025,292 635 8952,Engineering
418,Gabrila,Stoute,gstoutebl@privacy.gov.au,Female,138463,25-04-2025,208 969 4561,Services
419,Baron,Arnatt,barnattbm@rambler.ru,Male,70708,21-07-2025,503 661 1603,Research and Development
420,Allard,Munns,amunnsbn@cpanel.net,Male,128885,22-08-2025,159 917 9103,Legal
421,Rici,Marriot,rmarriotbo@constantcontact.com,Female,98292,15-02-2025,944 778 9069,Accounting
422,Ansley,Wasmer,awasmerbp@mapquest.com,Female,180583,27-08-2025,914 815 4963,Product Management
423,Andres,Tudor,atudorbq@123-reg.co.uk,Male,96868,31-10-2024,957 391 2209,Training
424,Randal,Godilington,rgodilingtonbr@huffingtonpost.com,Male,89782,16-09-2024,664 127 1105,Business Development
425,Daryle,Conkling,dconklingbs@about.com,Male,172753,11-02-2025,902 384 9059,Human Resources
426,Sutherland,Woodfin,swoodfinbt@wordpress.org,Male,176559,01-06-2025,692 863 0570,Accounting
427,Diann,Gillyatt,dgillyattbu@senate.gov,Bigender,168566,04-09-2025,679 636 7643,Marketing
428,Jenifer,Kener,jkenerbv@msu.edu,Female,177633,10-10-2024,609 814 1847,Support
429,Kort,Chamberlain,kchamberlainbw@guardian.co.uk,Non-binary,136089,12-04-2025,423 867 2974,Accounting
430,Dacia,Shovel,dshovelbx@thetimes.co.uk,Female,131969,29-03-2025,149 611 2228,Business Development
431,Maury,Enns,mennsby@fotki.com,Male,180625,15-10-2024,855 844 9205,Training
432,Maryl,Prazor,mprazorbz@t.co,Female,131290,22-09-2024,891 125 8947,Marketing
433,Linc,Trinbey,ltrinbeyc0@moonfruit.com,Male,26687,03-09-2025,367 215 5333,Services
434,Cindee,Leeman,cleemanc1@howstuffworks.com,Female,80971,17-11-2024,527 290 5353,Training
435,Brittani,Tullett,btullettc2@multiply.com,Female,86396,05-04-2025,395 633 2214,Support
436,Pall,Marsay,pmarsayc3@dailymotion.com,Male,120535,11-02-2025,317 197 4799,Engineering
437,Regan,Prevost,rprevostc4@slideshare.net,Male,41734,24-11-2024,135 441 4782,Marketing
438,Constantina,Brattell,cbrattellc5@hexun.com,Female,43164,07-04-2025,496 570 5077,Marketing
439,Boycie,Teideman,bteidemanc6@tiny.cc,Male,47419,17-10-2024,519 574 3327,Human Resources
440,Rustie,Dix,rdixc7@tuttocitta.it,Male,42387,04-08-2025,577 475 2960,Product Management
441,Killy,Hasloch,khaslochc8@kickstarter.com,Male,142127,22-11-2024,178 796 9148,Business Development
442,Augie,Radin,aradinc9@spotify.com,Male,130074,06-06-2025,401 416 1364,Human Resources
443,Roger,Chaudrelle,rchaudrelleca@imgur.com,Male,147540,06-10-2024,254 393 7897,Training
444,Rosemary,Ragsdale,rragsdalecb@independent.co.uk,Female,65678,09-12-2024,224 648 7545,Business Development
445,Daniella,Biasini,dbiasinicc@yellowpages.com,Female,49756,23-07-2025,132 530 9274,Business Development
446,Caro,Cotterill,ccotterillcd@squarespace.com,Female,167322,28-04-2025,998 872 0022,Marketing
447,Allister,Nuttey,anutteyce@symantec.com,Male,148307,18-02-2025,108 130 6389,Product Management
448,Pepillo,Sollowaye,psollowayecf@squidoo.com,Male,156526,19-01-2025,607 735 0442,Sales
449,Analise,Northey,anortheycg@ebay.co.uk,Female,127632,11-12-2024,961 150 3037,Services
450,Hilton,Kenney,hkenneych@desdev.cn,Male,58437,19-09-2024,571 583 9491,Services
451,Faustina,Laidlaw,flaidlawci@blinklist.com,Female,115134,28-02-2025,968 716 8878,Accounting
452,Yanaton,Chadderton,ychaddertoncj@forbes.com,Male,32948,29-09-2024,561 383 7917,Marketing
453,Temp,Dowden,tdowdenck@goo.ne.jp,Genderfluid,191688,18-03-2025,386 378 7143,Accounting
454,Julian,Geal,jgealcl@discuz.net,Male,183584,19-03-2025,466 373 4782,Marketing
455,Urbain,Ownsworth,uownsworthcm@miitbeian.gov.cn,Male,183499,07-11-2024,829 997 6925,Services
456,Lorrie,Tattershall,ltattershallcn@barnesandnoble.com,Female,185249,19-03-2025,187 947 3742,Sales
457,Idaline,Rosi,irosico@furl.net,Female,89267,17-11-2024,637 850 1416,Legal
458,Francois,Cheyne,fcheynecp@github.io,Polygender,44644,18-10-2024,512 252 5277,Research and Development
459,Katrina,Francisco,kfranciscocq@amazon.co.jp,Female,25880,09-06-2025,412 975 2866,Marketing
460,Karlik,Somerlie,ksomerliecr@reuters.com,Male,130942,25-07-2025,725 947 3438,Engineering
461,Hi,Islip,hislipcs@china.com.cn,Male,94541,08-10-2024,672 814 3788,Training
462,Emogene,Cobley,ecobleyct@plala.or.jp,Female,66530,12-10-2024,171 123 4092,Services
463,Querida,Spalton,qspaltoncu@omniture.com,Female,198992,04-11-2024,985 487 6817,Business Development
464,Nolie,Lyosik,nlyosikcv@nasa.gov,Female,191633,06-07-2025,268 221 1552,Sales
465,Noe,Brawson,nbrawsoncw@cnet.com,Male,133859,14-04-2025,404 648 5381,Support
466,Oswell,Steet,osteetcx@topsy.com,Male,24155,11-07-2025,956 811 2450,Product Management
467,Ruby,Vidineev,rvidineevcy@youtube.com,Female,105851,04-08-2025,133 767 5357,Support
468,Barnabe,Dagnall,bdagnallcz@go.com,Male,122879,02-08-2025,117 958 4012,Human Resources
469,Janetta,Yates,jyatesd0@fc2.com,Female,149322,18-11-2024,930 977 7536,Sales
470,Cross,Coverdale,ccoverdaled1@slashdot.org,Male,150196,10-06-2025,969 565 4317,Accounting
471,Gerek,Pandya,gpandyad2@issuu.com,Male,40913,16-12-2024,417 588 5974,Marketing
472,Olga,Gatheral,ogatherald3@wp.com,Female,157942,12-08-2025,670 135 6458,Human Resources
473,Petunia,Calrow,pcalrowd4@histats.com,Female,83883,23-11-2024,723 250 7388,Human Resources
474,Shep,Vollam,svollamd5@sina.com.cn,Male,148846,28-07-2025,168 364 3029,Training
475,Valle,Herrero,vherrerod6@fda.gov,Male,16288,13-07-2025,468 173 0428,Legal
476,Carver,Skerme,cskermed7@wired.com,Male,141464,02-11-2024,288 524 3382,Services
477,Venus,Maseres,vmaseresd8@psu.edu,Female,85219,22-11-2024,454 606 1155,Sales
478,Etan,Venard,evenardd9@gov.uk,Male,147951,15-09-2024,490 763 0042,Marketing
479,Isac,Feldon,ifeldonda@123-reg.co.uk,Male,57318,26-05-2025,101 950 0902,Human Resources
480,Nancy,Dallimore,ndallimoredb@weibo.com,Female,110259,23-08-2025,919 803 8364,Business Development
481,Robers,Bellingham,rbellinghamdc@hatena.ne.jp,Male,118133,07-08-2025,928 749 2021,Human Resources
482,Delcina,Arkcoll,darkcolldd@edublogs.org,Female,32569,08-12-2024,981 330 2883,Training
483,Goldia,Loxly,gloxlyde@scribd.com,Female,79197,26-08-2025,134 233 8223,Research and Development
484,Dona,Peegrem,dpeegremdf@squarespace.com,Female,38005,06-03-2025,738 430 9131,Engineering
485,Dorian,Eustice,deusticedg@yahoo.co.jp,Male,144667,05-06-2025,734 245 0406,Sales
486,Ferdinand,McGeneay,fmcgeneaydh@dot.gov,Male,156562,05-02-2025,581 737 4093,Sales
487,Rosette,Delacroux,rdelacrouxdi@acquirethisname.com,Female,80153,20-10-2024,426 489 4622,Business Development
488,Eirena,McIlwain,emcilwaindj@economist.com,Female,171887,06-08-2025,852 762 1864,Support
489,Quinn,Eadmeades,qeadmeadesdk@google.pl,Male,18216,14-04-2025,209 450 2254,Services
490,Devlin,Fitchen,dfitchendl@joomla.org,Male,197756,11-01-2025,617 435 9707,Sales
491,Cos,Yardy,cyardydm@edublogs.org,Male,63325,20-11-2024,153 668 5300,Research and Development
492,Barrie,Blazek,bblazekdn@rakuten.co.jp,Polygender,44419,17-07-2025,384 946 6083,Engineering
493,Matelda,Messent,mmessentdo@mashable.com,Female,197913,14-05-2025,727 434 8798,Marketing
494,Cristy,Lowthian,clowthiandp@state.gov,Female,73552,17-12-2024,517 935 0827,Services
495,Dixie,McPeice,dmcpeicedq@nih.gov,Female,143484,24-01-2025,329 168 4888,Services
496,Stella,Lippard,slipparddr@sphinn.com,Female,41840,19-07-2025,589 773 5338,Services
497,Erica,Kirkbright,ekirkbrightds@shutterfly.com,Female,163056,11-05-2025,569 512 6810,Services
498,Olia,Corkel,ocorkeldt@howstuffworks.com,Genderfluid,138928,24-04-2025,556 990 5186,Marketing
499,Bartel,Swatheridge,bswatheridgedu@google.com.br,Male,137312,16-09-2024,890 961 4738,Human Resources
500,Joceline,Pleaden,jpleadendv@ihg.com,Female,72471,23-09-2024,672 303 6792,Engineering
501,Marianna,Corbitt,mcorbittdw@facebook.com,Female,83211,09-04-2025,333 561 5224,Support
502,Fanny,Lautie,flautiedx@ox.ac.uk,Female,163019,28-09-2024,760 797 0894,Engineering
503,Rudiger,Apthorpe,rapthorpedy@ibm.com,Male,148646,06-12-2024,195 932 7046,Business Development
504,Stavros,Benjamin,sbenjamindz@cafepress.com,Male,17375,02-01-2025,851 759 0615,Accounting
505,Agnese,Chugg,achugge0@washington.edu,Female,122047,29-10-2024,581 240 4953,Research and Development
506,Sibby,Thunnercliff,sthunnercliffe1@cnn.com,Bigender,143671,23-03-2025,373 586 6535,Marketing
507,Tadeo,Mecozzi,tmecozzie2@ameblo.jp,Male,131516,05-02-2025,471 310 2201,Sales
508,Maryjane,Keach,mkeache3@biblegateway.com,Female,84670,28-05-2025,762 839 3852,Engineering
509,Norina,Capun,ncapune4@cisco.com,Female,41761,13-10-2024,180 771 1008,Support
510,Avril,Mallabone,amallabonee5@list-manage.com,Polygender,182121,13-09-2024,688 906 2740,Business Development
511,Consuelo,Pass,cpasse6@indiatimes.com,Female,113788,10-07-2025,605 465 8526,Accounting
512,Norina,Harmon,nharmone7@toplist.cz,Agender,129383,01-03-2025,475 716 1643,Legal
513,Elvina,Chawkley,echawkleye8@github.io,Non-binary,28894,17-01-2025,840 851 8882,Human Resources
514,Johnathan,Pena,jpenae9@bandcamp.com,Male,90010,22-10-2024,840 751 5948,Research and Development
515,Glad,Klasen,gklasenea@shinystat.com,Female,96104,21-11-2024,786 788 2578,Sales
516,Patsy,Frensch,pfrenscheb@oracle.com,Male,165856,29-04-2025,544 774 2876,Product Management
517,Ilka,Enden,iendenec@vinaora.com,Female,172422,05-03-2025,633 430 9286,Sales
518,Eleni,Tonbridge,etonbridgeed@cbsnews.com,Female,24260,29-08-2025,813 924 8226,Training
519,Helen,Townsend,htownsendee@dmoz.org,Female,74456,29-11-2024,745 207 9333,Engineering
520,Pieter,Ansill,pansillef@twitpic.com,Male,195187,20-02-2025,754 279 7176,Research and Development
521,Tanner,Kyttor,tkyttoreg@netvibes.com,Male,35124,13-03-2025,320 179 2333,Product Management
522,Earlie,Doubrava,edoubravaeh@bluehost.com,Male,60955,20-01-2025,870 197 1547,Research and Development
523,Grover,Staines,gstainesei@youtube.com,Male,141979,14-08-2025,199 808 4287,Legal
524,Archibald,Jecock,ajecockej@livejournal.com,Male,106974,02-06-2025,956 773 7405,Legal
525,Debee,Torrisi,dtorrisiek@wordpress.org,Female,77170,09-03-2025,301 179 7513,Research and Development
526,Archibald,Morrall,amorrallel@cisco.com,Male,174540,24-11-2024,747 505 1639,Marketing
527,Damien,Demeter,ddemeterem@oaic.gov.au,Male,191862,16-07-2025,854 631 3376,Accounting
528,Frankie,Skottle,fskottleen@over-blog.com,Female,25372,27-10-2024,713 607 7816,Engineering
529,Fax,Chrisp,fchrispeo@instagram.com,Male,54438,24-09-2024,127 405 8572,Training
530,Sunshine,Kesterton,skestertonep@usa.gov,Non-binary,164680,23-09-2024,901 626 3851,Training
531,Dalt,Quinnelly,dquinnellyeq@oracle.com,Male,32999,22-10-2024,681 606 7391,Research and Development
532,Ingelbert,Stripp,istripper@statcounter.com,Male,107782,14-05-2025,985 106 2974,Accounting
533,Yule,Meier,ymeieres@seattletimes.com,Male,35052,27-01-2025,997 644 9318,Training
534,Ulric,Tapton,utaptonet@jiathis.com,Male,134002,03-04-2025,969 172 8491,Support
535,Marcellina,Ilive,miliveeu@posterous.com,Female,141289,10-10-2024,643 321 3498,Research and Development
536,Inge,Skewis,iskewisev@zimbio.com,Female,170708,11-05-2025,458 291 8633,Research and Development
537,Nicolai,Spurdon,nspurdonew@berkeley.edu,Male,180523,02-04-2025,544 954 9402,Sales
538,Robinetta,Pudsey,rpudseyex@eventbrite.com,Female,117772,17-10-2024,422 515 4680,Services
539,Cob,Coxwell,ccoxwelley@github.io,Male,188655,27-06-2025,427 458 8036,Product Management
540,Reinhold,Fairfull,rfairfullez@sun.com,Male,162285,11-06-2025,448 478 8589,Research and Development
541,Nettie,Crambie,ncrambief0@unblog.fr,Female,110294,19-09-2024,908 209 1014,Business Development
542,Davey,Rowles,drowlesf1@vinaora.com,Male,138066,12-07-2025,924 288 4773,Training
543,Kaile,Roach,kroachf2@imdb.com,Female,78676,07-12-2024,415 881 6514,Business Development
544,Mychal,Dowse,mdowsef3@sina.com.cn,Male,99752,02-08-2025,389 634 0461,Accounting
545,Karna,Gerhold,kgerholdf4@twitter.com,Female,151188,19-08-2025,211 778 5261,Accounting
546,Miles,Got,mgotf5@topsy.com,Male,85992,03-10-2024,727 598 6698,Support
547,Kent,Checci,kcheccif6@eventbrite.com,Male,163487,13-01-2025,116 663 6808,Support
548,Joaquin,Vasilchenko,jvasilchenkof7@blogs.com,Male,32051,06-02-2025,810 754 5606,Business Development
549,Stuart,O'Boyle,soboylef8@dell.com,Male,183910,03-06-2025,756 362 4045,Product Management
550,Othelia,Wilcockes,owilcockesf9@forbes.com,Genderfluid,183037,08-07-2025,952 232 5207,Engineering
551,Dermot,Westrey,dwestreyfa@ehow.com,Male,160136,06-05-2025,380 645 2323,Marketing
552,Kathe,Skelhorn,kskelhornfb@hubpages.com,Female,112640,18-03-2025,966 699 6372,Services
553,Mariska,Patise,mpatisefc@sun.com,Female,88160,17-08-2025,513 298 2358,Human Resources
554,Di,Lindermann,dlindermannfd@domainmarket.com,Female,29526,29-09-2024,438 387 3988,Services
555,Dacy,Shannon,dshannonfe@cornell.edu,Female,182597,12-11-2024,996 131 0293,Marketing
556,Florie,Zwicker,fzwickerff@bigcartel.com,Female,29014,25-08-2025,942 461 9298,Research and Development
557,Nesta,Davidowsky,ndavidowskyfg@indiegogo.com,Female,106364,22-01-2025,510 251 1167,Business Development
558,Orel,Sherry,osherryfh@weibo.com,Female,127113,21-09-2024,709 592 5956,Marketing
559,Kelci,Jenman,kjenmanfi@nature.com,Female,41290,16-03-2025,541 256 7987,Research and Development
560,Aguie,Attew,aattewfj@youtube.com,Male,102598,14-10-2024,352 971 2599,Marketing
561,Kassi,Lamshead,klamsheadfk@pen.io,Female,117548,25-04-2025,277 167 0151,Human Resources
562,Kelsey,Kach,kkachfl@arstechnica.com,Male,169225,15-06-2025,507 834 0957,Engineering
563,Hunfredo,Guillotin,hguillotinfm@stumbleupon.com,Male,17746,14-12-2024,566 786 1042,Human Resources
564,Ahmed,Woolnough,awoolnoughfn@linkedin.com,Male,175377,16-04-2025,201 791 4384,Services
565,Ag,Gormley,agormleyfo@archive.org,Female,116410,12-08-2025,474 241 6990,Human Resources
566,Robb,Harwood,rharwoodfp@sogou.com,Male,134084,30-05-2025,357 180 7479,Accounting
567,Angus,Caherny,acahernyfq@archive.org,Male,90180,14-09-2024,217 212 1413,Services
568,Sheffield,Sprasen,ssprasenfr@google.ca,Male,115459,23-09-2024,767 372 4904,Services
569,Gwyn,Klimes,gklimesfs@godaddy.com,Female,28151,07-11-2024,471 276 5861,Accounting
570,Kimberly,Zimmerman,kzimmermanft@ca.gov,Female,101839,15-09-2024,593 487 9879,Legal
571,Lothario,Esch,leschfu@naver.com,Male,168513,25-04-2025,890 992 2358,Product Management
572,Billy,Cheevers,bcheeversfv@fema.gov,Male,126482,04-01-2025,117 605 9049,Services
573,Dominique,Couvet,dcouvetfw@wsj.com,Male,146146,26-11-2024,337 790 6581,Human Resources
574,Kerstin,Adamou,kadamoufx@who.int,Female,197755,14-05-2025,320 535 0138,Human Resources
575,Cordie,Pieracci,cpieraccify@hhs.gov,Female,17535,11-02-2025,947 209 9500,Marketing
576,Vaclav,Ewdale,vewdalefz@boston.com,Male,103613,05-12-2024,558 868 2006,Training
577,Gunter,Alphege,galphegeg0@paginegialle.it,Male,117069,06-01-2025,243 274 1484,Marketing
578,Marena,Uccelli,muccellig1@businesswire.com,Female,23147,31-07-2025,242 575 7414,Research and Development
579,Tine,Bourrel,tbourrelg2@domainmarket.com,Female,194681,25-12-2024,635 278 9690,Research and Development
580,Trixie,Choupin,tchouping3@miitbeian.gov.cn,Genderfluid,152986,23-08-2025,567 674 6082,Support
581,Hayward,Harrod,hharrodg4@myspace.com,Male,194088,17-03-2025,856 245 3986,Services
582,Octavius,Climance,oclimanceg5@google.com.br,Male,21760,11-07-2025,401 696 0475,Legal
583,Willie,Wildman,wwildmang6@smugmug.com,Female,100842,03-09-2025,714 519 6930,Support
584,Brigham,Welman,bwelmang7@so-net.ne.jp,Genderfluid,63666,18-05-2025,445 859 1771,Marketing
585,Ralph,Fergie,rfergieg8@va.gov,Genderfluid,119146,03-11-2024,229 612 0483,Engineering
586,Husain,Pendlenton,hpendlentong9@yahoo.com,Male,39949,06-12-2024,752 369 9969,Sales
587,Marybelle,Middas,mmiddasga@newsvine.com,Female,79880,25-08-2025,615 647 8941,Business Development
588,Albert,Dalston,adalstongb@yellowbook.com,Male,84959,04-01-2025,174 959 9315,Support
589,Tasha,Shorto,tshortogc@microsoft.com,Female,118908,15-05-2025,217 697 2359,Sales
590,Susie,Warner,swarnergd@ihg.com,Female,64862,08-07-2025,307 132 5287,Product Management
591,Nicole,Bussel,nbusselge@virginia.edu,Female,74579,12-08-2025,956 512 0331,Legal
592,Rog,Beardwell,rbeardwellgf@devhub.com,Male,190026,14-06-2025,535 786 3040,Product Management
593,Rayna,Onslow,ronslowgg@domainmarket.com,Female,86999,31-12-2024,391 415 2838,Engineering
594,Jozef,Gallo,jgallogh@webmd.com,Male,26716,18-12-2024,861 918 5288,Human Resources
595,Britta,Danilov,bdanilovgi@gnu.org,Female,149816,16-04-2025,183 131 4572,Human Resources
596,Trevar,Statton,tstattongj@mayoclinic.com,Male,188043,28-10-2024,335 253 5863,Accounting
597,Olly,Powlesland,opowleslandgk@timesonline.co.uk,Female,55574,11-03-2025,727 209 5966,Engineering
598,Clerkclaude,Dearness,cdearnessgl@ameblo.jp,Genderfluid,129337,05-03-2025,512 552 3101,Services
599,Kora,Olle,kollegm@cpanel.net,Female,43241,05-04-2025,473 257 0221,Research and Development
600,Garv,Orehead,goreheadgn@ustream.tv,Agender,149863,26-07-2025,120 247 1911,Training
601,Judy,McGinly,jmcginlygo@admin.ch,Female,91697,14-08-2025,885 417 7045,Engineering
602,Ulrica,Guslon,uguslongp@desdev.cn,Female,141545,04-12-2024,201 629 3509,Product Management
603,Dorotea,Crebo,dcrebogq@dot.gov,Female,64928,25-03-2025,884 863 6082,Legal
604,Daphene,De la Yglesias,ddelayglesiasgr@desdev.cn,Female,80843,01-12-2024,217 922 0297,Marketing
605,Allyn,Durkin,adurkings@dailymail.co.uk,Male,53664,08-12-2024,251 133 3159,Training
606,Barbe,Tivers,btiversgt@bing.com,Genderfluid,70295,01-11-2024,738 441 8195,Accounting
607,Phyllys,Rocco,proccogu@networkadvertising.org,Female,106698,11-11-2024,584 319 2736,Sales
608,Abbey,Bernardotte,abernardottegv@usgs.gov,Female,169321,21-01-2025,437 727 6115,Training
609,Papagena,Loffel,ploffelgw@unicef.org,Female,16985,07-07-2025,177 224 3348,Engineering
610,Ennis,Yarrall,eyarrallgx@mysql.com,Male,15756,17-10-2024,412 290 5931,Engineering
611,Hugibert,Rainon,hrainongy@intel.com,Bigender,195287,07-05-2025,603 441 0475,Product Management
612,Emyle,Daldan,edaldangz@unesco.org,Female,162198,23-09-2024,802 171 5360,Business Development
613,Phylys,Jenne,pjenneh0@japanpost.jp,Female,15350,27-10-2024,133 584 7160,Business Development
614,Dulcine,Hellis,dhellish1@domainmarket.com,Female,78902,15-01-2025,159 218 7626,Accounting
615,Phillis,Frammingham,pframminghamh2@networksolutions.com,Female,72289,06-08-2025,433 227 7002,Research and Development
616,Calv,Linke,clinkeh3@pagesperso-orange.fr,Male,168074,12-02-2025,646 897 9911,Legal
617,Carley,Letham,clethamh4@oakley.com,Agender,84707,13-12-2024,496 963 5147,Research and Development
618,Anne-marie,Boshier,aboshierh5@dagondesign.com,Female,44749,03-08-2025,639 825 6020,Business Development
619,Brandtr,De Robertis,bderobertish6@1688.com,Male,162646,06-02-2025,251 249 6096,Human Resources
620,Valentine,Akeherst,vakehersth7@joomla.org,Male,75342,27-02-2025,950 950 1211,Marketing
621,Alejandro,Tootal,atootalh8@arstechnica.com,Male,190977,31-10-2024,876 730 4360,Product Management
622,Nappy,Camili,ncamilih9@wikispaces.com,Male,131660,22-08-2025,620 193 4365,Training
623,Delcina,Kairns,dkairnsha@plala.or.jp,Female,65605,05-07-2025,837 544 5152,Training
624,Evania,Calderbank,ecalderbankhb@abc.net.au,Female,33827,23-10-2024,565 394 5126,Marketing
625,Nickolaus,Brookes,nbrookeshc@list-manage.com,Male,179000,18-02-2025,747 565 0902,Support
626,Dex,Pickrell,dpickrellhd@ebay.co.uk,Male,128674,27-11-2024,427 858 6187,Human Resources
627,Buddie,Chaudret,bchaudrethe@wikia.com,Male,108194,31-03-2025,538 804 0553,Engineering
628,Aurie,Arnout,aarnouthf@dailymail.co.uk,Female,70952,06-09-2025,200 849 0620,Accounting
629,Morris,Bertram,mbertramhg@csmonitor.com,Male,80170,24-07-2025,269 344 3222,Research and Development
630,Gloria,Hosier,ghosierhh@jigsy.com,Female,120532,26-07-2025,430 914 3394,Engineering
631,Aurel,Sterte,astertehi@wiley.com,Female,58796,09-02-2025,188 882 8435,Research and Development
632,Julee,Fredi,jfredihj@4shared.com,Female,95606,05-02-2025,435 666 0877,Human Resources
633,Raff,Durran,rdurranhk@a8.net,Non-binary,34521,20-04-2025,296 151 8719,Training
634,Ernaline,Marsh,emarshhl@vinaora.com,Female,165968,20-11-2024,282 168 8354,Business Development
635,Gregg,Popple,gpopplehm@discovery.com,Male,72787,11-03-2025,787 523 6213,Support
636,Melony,Ziehms,mziehmshn@myspace.com,Female,133224,19-07-2025,154 193 6033,Human Resources
637,Allianora,Spreull,aspreullho@weather.com,Female,64016,01-03-2025,517 454 6059,Training
638,Yvonne,Colvie,ycolviehp@flavors.me,Female,189392,13-04-2025,202 378 6463,Research and Development
639,Saunders,Corkitt,scorkitthq@unblog.fr,Agender,185575,19-07-2025,289 732 1949,Support
640,Iggie,Wartonby,iwartonbyhr@epa.gov,Male,39063,02-02-2025,620 296 1296,Legal
641,Hunfredo,Glastonbury,hglastonburyhs@vistaprint.com,Genderfluid,20880,02-12-2024,981 198 7490,Legal
642,Jesse,Randerson,jrandersonht@samsung.com,Female,124384,17-02-2025,602 119 8924,Business Development
643,Merridie,Cummings,mcummingshu@mozilla.org,Female,175852,05-07-2025,263 241 1340,Sales
644,Jobina,Toke,jtokehv@geocities.com,Female,91001,16-07-2025,447 171 1964,Services
645,Ludwig,Guillford,lguillfordhw@reverbnation.com,Male,79861,20-12-2024,700 512 5338,Legal
646,Davidde,Britcher,dbritcherhx@ifeng.com,Male,81842,04-07-2025,953 342 5218,Human Resources
647,Chase,Catterell,ccatterellhy@ovh.net,Male,104415,10-06-2025,881 920 2956,Product Management
648,Ellerey,Rebeiro,erebeirohz@slashdot.org,Male,48701,22-03-2025,497 929 8699,Product Management
649,Jeana,Mandres,jmandresi0@netlog.com,Female,185429,18-01-2025,571 564 0667,Support
650,Morie,Wolffers,mwolffersi1@usda.gov,Male,38677,03-09-2025,950 724 7456,Engineering
651,Jackelyn,Magnar,jmagnari2@cyberchimps.com,Female,114964,19-07-2025,644 756 7493,Engineering
652,Victor,Wyley,vwyleyi3@blogspot.com,Male,113369,17-02-2025,483 799 7100,Research and Development
653,Corbie,Kernes,ckernesi4@tripod.com,Male,96273,28-11-2024,344 395 9859,Marketing
654,Margarette,Lowdwell,mlowdwelli5@paypal.com,Female,191582,13-06-2025,163 750 3165,Training
655,Crissie,Marvel,cmarveli6@cpanel.net,Female,72587,18-06-2025,544 487 6350,Business Development
656,Cathe,Moff,cmoffi7@google.pl,Female,55362,27-04-2025,605 342 1346,Support
657,Ardith,Mandry,amandryi8@yandex.ru,Female,157480,06-06-2025,565 193 9041,Engineering
658,Harman,Salaman,hsalamani9@un.org,Male,149386,21-12-2024,308 910 1399,Services
659,Osborne,Wesgate,owesgateia@rediff.com,Male,157043,07-01-2025,621 335 6792,Support
660,Sheilakathryn,Gilffilland,sgilffillandib@senate.gov,Female,146393,11-01-2025,407 424 5332,Product Management
661,Rasia,Brodnecke,rbrodneckeic@who.int,Female,41130,27-07-2025,146 603 1810,Training
662,Marcello,Polack,mpolackid@unesco.org,Male,104123,29-01-2025,129 364 2355,Research and Development
663,Abey,Rawdall,arawdallie@addtoany.com,Genderfluid,107387,24-09-2024,122 888 5248,Support
664,Starlene,Waiting,swaitingif@xrea.com,Female,124959,10-02-2025,755 728 3331,Research and Development
665,Kaylee,Pastor,kpastorig@businesswire.com,Female,199201,07-10-2024,224 128 4882,Engineering
666,Nanon,Belcham,nbelchamih@jalbum.net,Female,166691,22-07-2025,500 146 4266,Training
667,Berty,Arens,barensii@china.com.cn,Male,194617,10-09-2025,246 153 9175,Engineering
668,Bret,Benge,bbengeij@homestead.com,Male,144005,19-04-2025,824 733 7401,Legal
669,Lorette,Gruczka,lgruczkaik@deliciousdays.com,Female,123191,06-06-2025,788 851 8889,Services
670,Gianni,Ashington,gashingtonil@digg.com,Male,23006,20-05-2025,222 340 0972,Sales
671,Eldredge,MacKenzie,emackenzieim@irs.gov,Male,131564,09-10-2024,219 664 7127,Accounting
672,Desmund,Blackah,dblackahin@surveymonkey.com,Male,143963,01-05-2025,419 684 8111,Services
673,Sascha,Rudeyeard,srudeyeardio@goo.gl,Female,148586,19-02-2025,225 169 1875,Product Management
674,Phil,Grumell,pgrumellip@wikimedia.org,Male,121123,04-06-2025,593 648 4210,Product Management
675,Imogene,Gold,igoldiq@jiathis.com,Female,76621,15-06-2025,670 581 3071,Legal
676,Nydia,O'Nion,nonionir@t.co,Bigender,93738,14-02-2025,424 393 1892,Human Resources
677,Zeb,Vergine,zvergineis@jigsy.com,Male,115975,19-08-2025,867 464 8144,Support
678,Chiarra,Goulbourne,cgoulbourneit@hc360.com,Female,44381,03-10-2024,702 797 9734,Sales
679,Kerk,Foreman,kforemaniu@miitbeian.gov.cn,Male,90454,19-05-2025,262 870 9755,Business Development
680,Dael,Thorneywork,dthorneyworkiv@apple.com,Female,105568,26-04-2025,230 128 2173,Marketing
681,Gladi,Kopecka,gkopeckaiw@google.com.hk,Female,124628,11-02-2025,378 101 4787,Accounting
682,Saunders,Glitherow,sglitherowix@google.co.jp,Male,112186,21-08-2025,769 244 0091,Product Management
683,Enrica,Rouf,eroufiy@google.co.uk,Female,77839,01-01-2025,337 389 3068,Human Resources
684,Minerva,Whittier,mwhittieriz@jalbum.net,Female,146853,24-08-2025,298 420 9418,Support
685,Petronille,Piolli,ppiollij0@pbs.org,Genderfluid,55082,03-04-2025,889 957 8741,Training
686,Leese,Cossons,lcossonsj1@w3.org,Female,118925,12-01-2025,815 294 9352,Marketing
687,Jordon,Brunel,jbrunelj2@alibaba.com,Male,118860,09-07-2025,801 515 8891,Engineering
688,Reagen,Shopcott,rshopcottj3@sphinn.com,Male,170208,20-10-2024,989 188 2510,Support
689,Missie,Dirkin,mdirkinj4@narod.ru,Female,178026,19-10-2024,657 947 8597,Training
690,Saunders,Sainthill,ssainthillj5@fc2.com,Male,196747,30-04-2025,932 476 0417,Business Development
691,Geri,Hayes,ghayesj6@technorati.com,Male,76229,16-08-2025,355 999 8654,Engineering
692,Lesley,Climo,lclimoj7@hud.gov,Female,80166,04-11-2024,774 864 9686,Accounting
693,Siward,Chatburn,schatburnj8@cnn.com,Male,80573,09-05-2025,223 506 4870,Research and Development
694,Chicky,Speares,cspearesj9@virginia.edu,Female,35775,25-10-2024,149 702 3036,Marketing
695,Rebecca,Pheby,rphebyja@hao123.com,Female,157947,19-12-2024,497 556 1345,Legal
696,Floris,Roseman,frosemanjb@weibo.com,Female,110110,12-04-2025,216 882 5589,Product Management
697,Barthel,Jewster,bjewsterjc@artisteer.com,Male,111007,06-03-2025,944 523 4447,Sales
698,Miller,Fearnyough,mfearnyoughjd@mashable.com,Male,190164,02-04-2025,709 975 4300,Engineering
699,Jeramey,Poff,jpoffje@techcrunch.com,Male,75428,28-06-2025,361 300 6366,Marketing
700,Shannan,Sapsed,ssapsedjf@bing.com,Male,139136,30-11-2024,194 493 9150,Product Management
701,Israel,Brafield,ibrafieldjg@ovh.net,Male,49941,11-05-2025,783 680 2958,Engineering
702,Salim,Beams,sbeamsjh@eepurl.com,Male,78569,15-03-2025,283 942 7280,Marketing
703,Trey,Keeltagh,tkeeltaghji@economist.com,Male,142449,24-06-2025,129 935 7184,Sales
704,Berkie,Hannond,bhannondjj@blogs.com,Male,86021,21-12-2024,780 874 9633,Sales
705,Bari,Thorley,bthorleyjk@surveymonkey.com,Female,142918,25-01-2025,322 629 2580,Engineering
706,Pen,Dewane,pdewanejl@berkeley.edu,Male,152946,22-10-2024,494 451 4560,Accounting
707,Buckie,Lockie,blockiejm@addtoany.com,Male,144738,01-04-2025,786 291 5410,Marketing
708,Opal,Lintott,olintottjn@dailymotion.com,Female,151043,26-10-2024,851 847 3955,Engineering
709,Briano,Twiggins,btwigginsjo@ovh.net,Male,124353,16-11-2024,542 132 8668,Legal
710,Deeyn,Barwack,dbarwackjp@dropbox.com,Female,157057,19-10-2024,605 133 5137,Engineering
711,Artur,Hurdis,ahurdisjq@washingtonpost.com,Male,65620,22-12-2024,624 428 8705,Support
712,Donni,Tarquinio,dtarquiniojr@prnewswire.com,Polygender,129814,08-02-2025,917 766 9453,Training
713,Estevan,Routham,erouthamjs@wisc.edu,Male,47979,08-04-2025,868 638 7655,Support
714,Lacey,Milne,lmilnejt@mayoclinic.com,Female,81441,02-03-2025,517 133 7116,Product Management
715,Nils,Bartoshevich,nbartoshevichju@imageshack.us,Non-binary,149592,10-08-2025,352 109 7167,Human Resources
716,Artemas,Sanbroke,asanbrokejv@google.cn,Male,136502,29-08-2025,908 597 7099,Support
717,Lanette,Matura,lmaturajw@oakley.com,Female,65692,13-05-2025,402 886 4484,Marketing
718,Hermione,Ruppel,hruppeljx@sciencedaily.com,Female,190661,03-11-2024,830 896 8621,Research and Development
719,Shaylah,Guyer,sguyerjy@geocities.com,Female,53284,06-11-2024,606 489 6827,Services
720,Lewiss,Helix,lhelixjz@clickbank.net,Male,192140,01-11-2024,914 140 9839,Support
721,Antonina,Worsalls,aworsallsk0@google.com.au,Female,102481,06-01-2025,479 407 0156,Accounting
722,Hamid,Lightman,hlightmank1@squarespace.com,Male,62478,04-02-2025,299 314 2255,Business Development
723,Lenore,Ralton,lraltonk2@prweb.com,Female,115633,21-03-2025,216 933 0555,Services
724,Corbett,Spriggin,cspriggink3@china.com.cn,Male,73477,11-10-2024,446 408 9099,Product Management
725,Elayne,Coaten,ecoatenk4@sfgate.com,Female,173774,02-01-2025,232 417 4800,Business Development
726,Neila,Swaite,nswaitek5@360.cn,Female,115389,06-12-2024,411 413 4026,Sales
727,Dukey,Morson,dmorsonk6@amazon.co.uk,Bigender,41012,06-10-2024,928 581 9540,Business Development
728,Perry,Lett,plettk7@europa.eu,Male,82086,18-08-2025,536 881 7513,Research and Development
729,Cord,Elsdon,celsdonk8@goodreads.com,Male,102009,05-04-2025,937 724 2252,Research and Development
730,Cordell,McGilleghole,cmcgillegholek9@harvard.edu,Male,60557,30-06-2025,397 902 3264,Support
731,Jude,Hext,jhextka@about.com,Male,127843,05-05-2025,105 755 7873,Legal
732,Brnaba,Jamblin,bjamblinkb@twitter.com,Male,130512,26-08-2025,838 119 0542,Research and Development
733,Nicole,Stranks,nstrankskc@creativecommons.org,Female,101607,25-10-2024,256 288 9555,Research and Development
734,Tannie,Barbrook,tbarbrookkd@boston.com,Male,155738,13-09-2024,538 575 0873,Training
735,Allix,Sunners,asunnerske@parallels.com,Female,103851,17-05-2025,440 885 8877,Legal
736,Merilyn,Dungey,mdungeykf@slashdot.org,Female,178741,05-11-2024,204 755 9151,Sales
737,Brendin,Hornung,bhornungkg@usnews.com,Male,98950,26-02-2025,807 472 5617,Business Development
738,Effie,Bortoletti,ebortolettikh@surveymonkey.com,Genderqueer,144270,07-01-2025,277 160 4491,Sales
739,Isis,Raubenheimers,iraubenheimerski@csmonitor.com,Female,99987,30-07-2025,542 159 4471,Legal
740,Daniel,Ewing,dewingkj@virginia.edu,Male,119567,27-05-2025,228 700 3888,Engineering
741,Eileen,Fosdick,efosdickkk@cnet.com,Female,22665,18-09-2024,189 257 3150,Engineering
742,Simmonds,Bertrand,sbertrandkl@g.co,Male,37618,21-01-2025,536 522 0994,Training
743,Wat,Lacaze,wlacazekm@tiny.cc,Male,192417,24-05-2025,863 327 9035,Sales
744,Abner,Davidovic,adavidovickn@stumbleupon.com,Male,59780,20-12-2024,571 265 3939,Business Development
745,Adrian,Sumpner,asumpnerko@who.int,Male,129276,05-11-2024,752 480 7352,Human Resources
746,Elicia,Arno,earnokp@yellowpages.com,Female,160718,20-01-2025,600 969 8852,Engineering
747,Dexter,Kopec,dkopeckq@spiegel.de,Male,87461,27-07-2025,504 408 1804,Sales
748,Efren,Errol,eerrolkr@youku.com,Male,118453,23-03-2025,583 858 9555,Services
749,Roxanna,Grave,rgraveks@buzzfeed.com,Female,166794,26-11-2024,543 709 3664,Engineering
750,Uriel,Camoys,ucamoyskt@mediafire.com,Male,148530,21-11-2024,238 317 8673,Accounting
751,Barth,Favell,bfavellku@miitbeian.gov.cn,Male,106195,04-04-2025,328 962 8737,Legal
752,Jemie,Joannic,jjoannickv@tinyurl.com,Female,113607,08-12-2024,766 468 4273,Accounting
753,Felizio,Alabone,falabonekw@1688.com,Male,119759,24-12-2024,848 180 0321,Engineering
754,Viviana,Lammertz,vlammertzkx@google.ca,Female,68933,20-05-2025,870 290 3901,Marketing
755,Katinka,Birtwell,kbirtwellky@acquirethisname.com,Polygender,110689,03-10-2024,133 192 1513,Human Resources
756,Olav,Iowarch,oiowarchkz@theguardian.com,Male,60115,08-03-2025,978 146 7106,Business Development
757,Athene,Baily,abailyl0@quantcast.com,Female,38197,16-09-2024,249 103 8807,Product Management
758,Arlen,Lude,aludel1@flickr.com,Female,61101,15-06-2025,712 768 9891,Accounting
759,Ervin,Jeffery,ejefferyl2@amazonaws.com,Male,109879,05-10-2024,432 930 5629,Business Development
760,Torey,Meaton,tmeatonl3@independent.co.uk,Male,113200,27-12-2024,859 234 7539,Sales
761,Florina,Lamswood,flamswoodl4@wikipedia.org,Female,77544,26-07-2025,165 939 0354,Marketing
762,Hymie,Antonoyev,hantonoyevl5@ted.com,Male,70732,10-09-2025,920 837 0162,Business Development
763,Lenna,Rablen,lrablenl6@ted.com,Genderqueer,187495,17-08-2025,920 463 8237,Services
764,Mindy,Bettinson,mbettinsonl7@epa.gov,Female,185456,14-12-2024,680 578 3461,Research and Development
765,Niccolo,Royce,nroycel8@last.fm,Male,179922,06-02-2025,293 479 0313,Human Resources
766,Leda,Wallhead,lwallheadl9@aol.com,Female,75267,16-10-2024,396 905 5664,Business Development
767,Aloysia,Budget,abudgetla@census.gov,Female,76459,18-12-2024,549 820 2815,Accounting
768,Kattie,Oades,koadeslb@elegantthemes.com,Genderqueer,173714,13-05-2025,577 887 1116,Training
769,Ferrel,Cassar,fcassarlc@cargocollective.com,Male,129712,12-08-2025,717 748 8920,Business Development
770,Dehlia,Calafate,dcalafateld@csmonitor.com,Female,111694,03-06-2025,292 621 5723,Legal
771,Krysta,Mainwaring,kmainwaringle@goo.gl,Female,114618,18-01-2025,696 720 0683,Support
772,Martin,Pudsey,mpudseylf@npr.org,Male,185208,22-03-2025,137 517 3604,Support
773,Jenn,Cockburn,jcockburnlg@cnn.com,Female,187011,06-10-2024,240 188 3948,Research and Development
774,Dionisio,Simenot,dsimenotlh@histats.com,Male,195813,20-01-2025,679 937 1646,Business Development
775,Mersey,Kingsland,mkingslandli@wp.com,Bigender,129673,04-04-2025,644 792 2242,Human Resources
776,Jordana,Mirralls,jmirrallslj@admin.ch,Female,37371,28-10-2024,533 626 3723,Engineering
777,Dav,Pabelik,dpabeliklk@ted.com,Male,64554,11-10-2024,216 426 6173,Accounting
778,Skyler,Jacobowicz,sjacobowiczll@jalbum.net,Non-binary,156834,26-09-2024,926 906 9555,Human Resources
779,Hally,Peasegood,hpeasegoodlm@tamu.edu,Female,119121,02-05-2025,579 738 7612,Support
780,Tammy,Budibent,tbudibentln@xinhuanet.com,Female,132478,06-11-2024,460 345 5285,Sales
781,Kamillah,Topliss,ktoplisslo@virginia.edu,Female,42715,08-01-2025,848 434 7356,Marketing
782,Sophi,Jeremiah,sjeremiahlp@hostgator.com,Female,106381,10-10-2024,197 491 4466,Engineering
783,Ileana,Damper,idamperlq@webeden.co.uk,Female,23228,22-07-2025,614 916 6726,Business Development
784,Farra,Divers,fdiverslr@4shared.com,Female,145801,31-07-2025,754 754 7625,Product Management
785,Gery,Lambotin,glambotinls@goo.ne.jp,Male,83216,11-01-2025,459 912 5584,Accounting
786,Hedwiga,Fittes,hfitteslt@google.com.hk,Female,196792,21-09-2024,932 860 7639,Marketing
787,Drusilla,Stitwell,dstitwelllu@woothemes.com,Female,146618,02-09-2025,325 238 7103,Engineering
788,Marlyn,Schops,mschopslv@cyberchimps.com,Female,97598,03-05-2025,342 855 4740,Accounting
789,Coral,Loomes,cloomeslw@telegraph.co.uk,Female,155004,15-10-2024,468 303 1372,Training
790,Roth,Houchin,rhouchinlx@nbcnews.com,Male,104528,22-09-2024,322 399 2771,Accounting
791,Francoise,Nisco,fniscoly@parallels.com,Female,152514,02-05-2025,153 372 0716,Legal
792,Karlyn,Kuhl,kkuhllz@webnode.com,Female,55947,21-04-2025,213 348 1776,Support
793,Debor,Gossart,dgossartm0@google.es,Female,185299,29-08-2025,442 317 8515,Marketing
794,Beckie,Apfelmann,bapfelmannm1@histats.com,Female,122909,25-02-2025,998 117 9500,Marketing
795,Lief,Pren,lprenm2@flavors.me,Male,156130,15-10-2024,199 951 8076,Research and Development
796,Gideon,Worswick,gworswickm3@yellowpages.com,Male,98083,22-12-2024,923 270 5480,Support
797,Nonnah,Veld,nveldm4@samsung.com,Female,150836,29-05-2025,835 346 9681,Marketing
798,Reid,Minnette,rminnettem5@rediff.com,Male,99407,01-12-2024,875 470 7066,Human Resources
799,Giffard,Licciardiello,glicciardiellom6@so-net.ne.jp,Bigender,56559,22-07-2025,194 921 7418,Human Resources
800,Bentley,Clouston,bcloustonm7@wikipedia.org,Male,88102,08-07-2025,648 343 9036,Business Development
801,Wittie,Waudby,wwaudbym8@trellian.com,Male,152417,26-12-2024,238 698 8581,Legal
802,Caty,Hanssmann,chanssmannm9@google.com.br,Female,124213,07-03-2025,287 101 2249,Engineering
803,Adena,Headrick,aheadrickma@t-online.de,Female,24150,03-05-2025,579 235 0519,Services
804,Jobie,Stormonth,jstormonthmb@sciencedaily.com,Female,115457,20-08-2025,208 408 3287,Support
805,Merrill,Lowbridge,mlowbridgemc@163.com,Female,52675,08-05-2025,127 925 9183,Accounting
806,Hoyt,Abbots,habbotsmd@delicious.com,Male,190436,16-03-2025,525 288 4658,Legal
807,Hasty,Jewell,hjewellme@japanpost.jp,Male,108035,16-11-2024,182 577 1187,Support
808,Karla,Gavey,kgaveymf@google.co.uk,Female,130740,08-02-2025,156 793 9445,Sales
809,Janna,Jamrowicz,jjamrowiczmg@fema.gov,Female,32234,28-01-2025,782 106 0129,Research and Development
810,Caitrin,Gregersen,cgregersenmh@msu.edu,Female,188270,22-03-2025,560 310 1014,Accounting
811,Guenevere,Greeson,ggreesonmi@bbb.org,Female,118820,24-01-2025,341 968 5382,Training
812,Alden,Cuddy,acuddymj@fema.gov,Male,96420,27-10-2024,373 690 6654,Services
813,Moe,Wybron,mwybronmk@deviantart.com,Male,115777,27-03-2025,535 863 7042,Accounting
814,Lorrie,Gery,lgeryml@google.cn,Female,91422,16-01-2025,624 907 7936,Engineering
815,Frannie,Ruskin,fruskinmm@oracle.com,Female,71907,14-01-2025,326 976 5629,Engineering
816,Talia,Hooks,thooksmn@bluehost.com,Female,91102,05-02-2025,316 682 2341,Business Development
817,Bryce,Brissenden,bbrissendenmo@g.co,Male,119984,14-02-2025,913 445 5556,Services
818,Killian,Fairnie,kfairniemp@booking.com,Male,148385,27-10-2024,608 350 0460,Business Development
819,Eryn,Cawthorne,ecawthornemq@umn.edu,Female,169605,02-03-2025,890 189 0735,Marketing
820,Clarissa,Loveman,clovemanmr@surveymonkey.com,Female,140806,05-02-2025,769 387 8450,Training
821,Yurik,Emma,yemmams@nytimes.com,Agender,153226,16-08-2025,109 805 9989,Research and Development
822,Eamon,Jeaves,ejeavesmt@com.com,Male,107340,15-09-2024,736 935 8644,Sales
823,Aarika,Robbey,arobbeymu@comcast.net,Female,45313,08-10-2024,346 103 3035,Support
824,Jack,Dulanty,jdulantymv@dagondesign.com,Male,184359,05-12-2024,844 470 1586,Business Development
825,Lillis,Orringe,lorringemw@ucoz.com,Genderfluid,175419,12-11-2024,169 491 7667,Support
826,Cosette,Koschke,ckoschkemx@purevolume.com,Female,107490,28-01-2025,949 476 0057,Accounting
827,Faye,Shrigley,fshrigleymy@abc.net.au,Non-binary,85267,01-07-2025,860 220 2069,Support
828,Shaw,Alasdair,salasdairmz@imdb.com,Male,178322,14-11-2024,906 744 6871,Legal
829,Teodorico,Karel,tkareln0@wix.com,Male,115833,12-06-2025,332 637 5335,Legal
830,Cherry,Hughland,chughlandn1@deliciousdays.com,Female,106502,01-01-2025,342 140 5652,Marketing
831,Franklyn,Vedeniktov,fvedeniktovn2@patch.com,Male,89118,02-08-2025,755 269 1092,Business Development
832,Olympie,Noke,onoken3@omniture.com,Non-binary,60418,07-06-2025,537 694 5052,Services
833,Patty,Caddy,pcaddyn4@php.net,Male,176068,19-05-2025,902 560 9871,Sales
834,Alano,Pook,apookn5@youtube.com,Male,140989,23-10-2024,243 968 2080,Product Management
835,Anabel,Waistall,awaistalln6@nsw.gov.au,Female,84537,01-11-2024,143 614 5265,Sales
836,Lotti,Goodbourn,lgoodbournn7@amazon.com,Bigender,122623,29-10-2024,995 861 8462,Legal
837,Maybelle,Mixon,mmixonn8@prweb.com,Non-binary,30919,27-11-2024,369 759 8094,Sales
838,Marietta,Schollick,mschollickn9@hao123.com,Male,36343,10-01-2025,677 543 9546,Services
839,Maribeth,Wilby,mwilbyna@alexa.com,Female,28970,23-02-2025,707 477 3737,Business Development
840,Rebeka,Perkis,rperkisnb@cam.ac.uk,Non-binary,189597,13-03-2025,993 848 2625,Support
841,Nataniel,Olden,noldennc@xing.com,Male,43964,20-09-2024,258 722 2306,Marketing
842,Morton,Riach,mriachnd@hostgator.com,Male,184878,02-08-2025,618 547 1239,Business Development
843,Anabelle,Harvie,aharviene@tamu.edu,Female,30674,10-05-2025,437 103 9746,Engineering
844,Marga,Heathcote,mheathcotenf@biblegateway.com,Polygender,69573,08-08-2025,901 508 9228,Sales
845,Milissent,Forsdyke,mforsdykeng@hud.gov,Female,91355,06-08-2025,329 274 4238,Engineering
846,Maurise,Schubuser,mschubusernh@newyorker.com,Male,51483,18-07-2025,887 214 4539,Human Resources
847,Esteban,Dowdle,edowdleni@plala.or.jp,Male,106748,15-04-2025,625 737 3061,Product Management
848,Muhammad,Hirtzmann,mhirtzmannnj@apple.com,Male,61727,28-04-2025,857 429 9854,Sales
849,Leyla,Stear,lstearnk@tumblr.com,Female,106190,26-04-2025,742 255 8754,Services
850,Hendrik,Gaucher,hgauchernl@miitbeian.gov.cn,Male,71666,25-11-2024,450 470 6007,Marketing
851,Wendall,Runciman,wruncimannm@fastcompany.com,Male,100713,08-05-2025,899 348 4117,Engineering
852,Jarrid,Haughan,jhaughannn@about.me,Male,97314,20-09-2024,571 547 0305,Sales
853,Stoddard,Vlies,svliesno@w3.org,Female,89317,02-01-2025,587 867 9045,Support
854,Britta,Downie,bdownienp@ow.ly,Female,79405,11-09-2024,337 349 0550,Human Resources
855,Inglis,Rarity,iraritynq@hubpages.com,Male,54192,12-01-2025,771 835 0074,Support
856,Catlin,Abercrombie,cabercrombienr@shareasale.com,Female,97227,15-12-2024,823 602 3265,Services
857,Benedetto,O'Hickey,bohickeyns@vk.com,Male,190751,28-11-2024,700 838 5025,Training
858,Brenna,Blaver,bblavernt@github.com,Female,86386,27-02-2025,890 124 2243,Human Resources
859,Patrizio,Wakelam,pwakelamnu@sciencedaily.com,Male,132489,10-01-2025,395 805 1670,Research and Development
860,Krystal,Twitchett,ktwitchettnv@angelfire.com,Female,186791,12-10-2024,876 844 6752,Research and Development
861,Thaxter,Tomasino,ttomasinonw@pinterest.com,Male,42718,25-11-2024,850 371 3163,Engineering
862,Hersh,Rysdale,hrysdalenx@ustream.tv,Male,193193,15-11-2024,879 978 1964,Human Resources
863,Roland,Vasin,rvasinny@usatoday.com,Male,88902,23-08-2025,869 239 6247,Marketing
864,Ayn,Tame,atamenz@cbc.ca,Female,190234,06-01-2025,749 745 4166,Legal
865,Daloris,Bartak,dbartako0@ftc.gov,Female,131580,09-01-2025,752 586 2471,Legal
866,Kaia,Gane,kganeo1@cbc.ca,Female,63406,15-02-2025,497 434 3268,Legal
867,Larina,Oxby,loxbyo2@google.pl,Female,83979,15-06-2025,644 501 6355,Research and Development
868,Ryan,Bergen,rbergeno3@jugem.jp,Male,21569,14-12-2024,516 398 3572,Legal
869,Katey,Turmell,kturmello4@t-online.de,Female,93036,02-07-2025,375 359 9548,Accounting
870,Bartel,Glencros,bglencroso5@woothemes.com,Male,138055,09-12-2024,622 275 0299,Accounting
871,Clerissa,Kliement,ckliemento6@hexun.com,Female,52214,15-05-2025,321 179 6883,Engineering
872,Reggie,Brampton,rbramptono7@booking.com,Male,66753,29-03-2025,607 524 2579,Product Management
873,Goran,Frake,gfrakeo8@w3.org,Genderqueer,127702,01-01-2025,156 931 7692,Training
874,Hilario,Tedstone,htedstoneo9@opensource.org,Male,102811,22-09-2024,847 523 5826,Training
875,Ebeneser,Uc,eucoa@ox.ac.uk,Male,22990,22-01-2025,516 697 1342,Sales
876,Ludwig,Sculpher,lsculpherob@goodreads.com,Male,136173,26-07-2025,867 538 9163,Research and Development
877,Jenn,Gatteridge,jgatteridgeoc@java.com,Female,50495,16-08-2025,534 771 7239,Services
878,Kristo,Abbison,kabbisonod@wordpress.com,Male,142909,26-02-2025,503 881 5253,Support
879,Michel,Pinar,mpinaroe@webnode.com,Female,167764,14-10-2024,258 196 4107,Marketing
880,Joelly,Griffen,jgriffenof@angelfire.com,Female,98012,28-04-2025,409 363 7669,Engineering
881,Hersh,Cruddace,hcruddaceog@gov.uk,Male,73236,22-11-2024,384 290 9548,Accounting
882,Ibby,Breydin,ibreydinoh@ca.gov,Female,22974,15-01-2025,215 103 3808,Product Management
883,Christen,Cowton,ccowtonoi@1688.com,Female,158078,22-08-2025,762 458 6005,Marketing
884,Gina,Perrie,gperrieoj@gravatar.com,Female,149126,27-09-2024,699 537 4683,Business Development
885,Debi,Gaskin,dgaskinok@ed.gov,Female,182099,08-04-2025,771 354 5361,Human Resources
886,Alwyn,MacHostie,amachostieol@virginia.edu,Male,136895,07-03-2025,632 785 6231,Marketing
887,Gabie,Hourigan,ghouriganom@rambler.ru,Male,123301,15-11-2024,645 405 5726,Services
888,Garvin,Sebire,gsebireon@walmart.com,Male,26280,13-06-2025,238 576 8492,Product Management
889,Kingsley,Najera,knajeraoo@tripod.com,Male,17536,23-01-2025,157 883 2257,Product Management
890,Emory,Mallock,emallockop@meetup.com,Male,38126,19-11-2024,754 958 5405,Business Development
891,Nicolis,McNeachtain,nmcneachtainoq@bizjournals.com,Male,109330,13-08-2025,411 513 7149,Research and Development
892,Jo-anne,Ager,jageror@prlog.org,Female,27640,26-11-2024,789 851 2787,Research and Development
893,Brien,MacFall,bmacfallos@elegantthemes.com,Male,55112,02-02-2025,358 366 6784,Training
894,Jedediah,de Clerq,jdeclerqot@unblog.fr,Bigender,142365,30-10-2024,924 862 0397,Marketing
895,Riane,Kebbell,rkebbellou@a8.net,Female,198203,02-07-2025,327 835 6282,Research and Development
896,Demetria,Retallack,dretallackov@google.es,Female,196735,20-04-2025,469 819 9050,Business Development
897,Bartel,Gligori,bgligoriow@chron.com,Male,24912,06-08-2025,670 458 0204,Sales
898,Merline,Blumire,mblumireox@google.co.uk,Polygender,126462,28-09-2024,267 753 6958,Sales
899,Isabella,Mohamed,imohamedoy@craigslist.org,Polygender,180927,25-08-2025,524 350 2524,Human Resources
900,Heriberto,Waby,hwabyoz@dropbox.com,Male,94375,23-07-2025,994 631 8796,Legal
901,Alisun,Domone,adomonep0@google.nl,Bigender,84245,20-08-2025,463 279 3173,Legal
902,Lisabeth,Fydo,lfydop1@rediff.com,Female,103424,28-09-2024,907 101 1156,Marketing
903,Terra,Bergstram,tbergstramp2@163.com,Female,77319,03-12-2024,122 694 9574,Training
904,Vincenty,L'Homme,vlhommep3@cisco.com,Male,198851,04-06-2025,953 855 1334,Business Development
905,Saxe,Beininck,sbeininckp4@i2i.jp,Male,167596,03-01-2025,128 358 3999,Sales
906,Gaultiero,O'Carney,gocarneyp5@telegraph.co.uk,Male,158717,31-05-2025,631 762 5832,Marketing
907,Ninon,McNutt,nmcnuttp6@washington.edu,Female,166038,25-01-2025,964 897 2353,Research and Development
908,Helli,Egerton,hegertonp7@unicef.org,Female,195510,16-02-2025,527 594 5717,Engineering
909,Carney,Prettyjohn,cprettyjohnp8@newyorker.com,Male,127074,25-07-2025,749 355 0453,Research and Development
910,Osborn,Deny,odenyp9@pagesperso-orange.fr,Male,103389,27-08-2025,366 593 4071,Engineering
911,Arielle,Escot,aescotpa@tamu.edu,Female,124360,04-04-2025,405 288 5994,Legal
912,Hortense,Canter,hcanterpb@163.com,Female,171993,24-06-2025,581 473 8866,Support
913,Toby,Ridoutt,tridouttpc@a8.net,Female,195269,29-04-2025,189 296 2613,Services
914,Jeremy,Leere,jleerepd@kickstarter.com,Male,185604,18-03-2025,569 888 6720,Research and Development
915,Berti,Sisley,bsisleype@phpbb.com,Male,170429,08-08-2025,600 851 2537,Legal
916,Dex,Gisborne,dgisbornepf@sbwire.com,Male,31557,04-10-2024,720 104 5598,Business Development
917,Tabina,Shepherdson,tshepherdsonpg@w3.org,Female,163651,13-12-2024,337 493 8618,Marketing
918,Imogen,Boldry,iboldryph@virginia.edu,Female,184407,26-07-2025,475 646 8498,Marketing
919,Arnuad,Hucklesby,ahucklesbypi@rakuten.co.jp,Non-binary,153102,20-03-2025,799 636 1676,Human Resources
920,Gian,Cahey,gcaheypj@fc2.com,Male,39446,09-11-2024,157 538 5829,Human Resources
921,Waite,Everist,weveristpk@so-net.ne.jp,Male,102313,10-11-2024,713 692 0150,Accounting
922,Gayelord,Cayford,gcayfordpl@skyrock.com,Male,46965,17-07-2025,134 403 7108,Support
923,Fernande,Campos,fcampospm@odnoklassniki.ru,Female,114269,31-08-2025,742 771 7815,Product Management
924,Kanya,Lehenmann,klehenmannpn@topsy.com,Genderqueer,84391,17-07-2025,113 309 7382,Research and Development
925,Tedie,Musla,tmuslapo@europa.eu,Male,78421,14-11-2024,605 861 3252,Training
926,Garold,Steven,gstevenpp@seesaa.net,Agender,29250,05-06-2025,434 247 3530,Sales
927,Glynnis,Breton,gbretonpq@yellowpages.com,Female,85552,25-07-2025,581 203 4324,Training
928,Kori,Manlow,kmanlowpr@home.pl,Female,103032,30-11-2024,217 683 2628,Accounting
929,Antoine,Ware,awareps@bloomberg.com,Male,159000,16-12-2024,733 904 3506,Product Management
930,Chelsey,Haney,chaneypt@mit.edu,Female,30977,12-10-2024,720 952 0951,Human Resources
931,Geri,Glancey,gglanceypu@soundcloud.com,Bigender,74367,27-10-2024,762 362 2223,Marketing
932,Kelila,Greenrde,kgreenrdepv@sohu.com,Female,62743,30-06-2025,148 704 8994,Sales
933,Amalia,Dyas,adyaspw@jigsy.com,Female,192701,25-04-2025,205 215 8204,Support
934,Les,D'Alwis,ldalwispx@nba.com,Agender,44449,21-08-2025,814 898 7532,Accounting
935,Merrielle,Benzie,mbenziepy@nasa.gov,Female,151675,04-08-2025,420 256 2646,Sales
936,Aguie,Reuther,areutherpz@fc2.com,Male,174434,10-08-2025,413 158 6009,Services
937,Harold,Mcettrick,hmcettrickq0@mozilla.com,Male,55683,11-01-2025,815 201 5654,Services
938,Ronica,Roskelly,rroskellyq1@wix.com,Female,112301,08-02-2025,566 953 4659,Product Management
939,Angelo,Messitt,amessittq2@google.ca,Male,65509,02-05-2025,757 616 1540,Human Resources
940,Geneva,Farryann,gfarryannq3@hugedomains.com,Female,106338,09-05-2025,150 868 7231,Marketing
941,Tasha,Duggon,tduggonq4@artisteer.com,Female,45652,09-10-2024,184 372 2409,Engineering
942,Baron,Swann,bswannq5@123-reg.co.uk,Male,181854,28-01-2025,884 659 4914,Sales
943,Ludovika,Caesmans,lcaesmansq6@bluehost.com,Female,94574,06-12-2024,727 152 2391,Accounting
944,Stanford,Compston,scompstonq7@phoca.cz,Male,27850,30-09-2024,852 337 4631,Legal
945,Lenka,Janku,ljankuq8@oakley.com,Female,31808,30-11-2024,750 505 5503,Engineering
946,Hazel,Southward,hsouthwardq9@paginegialle.it,Polygender,75153,14-05-2025,387 673 2355,Sales
947,Caty,Hobble,chobbleqa@furl.net,Female,82670,17-06-2025,178 359 3020,Research and Development
948,Tarrance,Caldicott,tcaldicottqb@weibo.com,Male,93216,10-01-2025,718 439 3710,Accounting
949,Frederic,Keays,fkeaysqc@sitemeter.com,Agender,44890,24-06-2025,439 598 5133,Training
950,Guendolen,Cowtherd,gcowtherdqd@mozilla.org,Female,94640,05-01-2025,628 427 6163,Human Resources
951,Lynnell,Charnock,lcharnockqe@dailymotion.com,Female,48517,24-05-2025,456 944 2033,Sales
952,Deeann,Sarath,dsarathqf@usatoday.com,Female,171968,10-06-2025,753 983 7894,Business Development
953,Torin,Birdwistle,tbirdwistleqg@eepurl.com,Male,100506,06-04-2025,557 540 8060,Marketing
954,Town,Bengough,tbengoughqh@nih.gov,Male,35133,01-09-2025,735 968 5586,Services
955,Wilie,Lorenz,wlorenzqi@t.co,Female,84363,08-09-2025,588 753 4110,Business Development
956,Nannie,Ambrosetti,nambrosettiqj@joomla.org,Female,88249,29-08-2025,341 296 7844,Sales
957,Briana,Silver,bsilverqk@buzzfeed.com,Bigender,122966,03-11-2024,778 772 6631,Human Resources
958,Kara,Swaile,kswaileql@freewebs.com,Female,88762,21-12-2024,625 531 6234,Services
959,Janifer,Ragg,jraggqm@mtv.com,Female,55191,28-07-2025,100 204 6669,Legal
960,Catharina,Harley,charleyqn@angelfire.com,Genderfluid,74664,31-07-2025,416 196 1561,Legal
961,Vida,Tixier,vtixierqo@nature.com,Female,75143,19-10-2024,188 494 7750,Training
962,Florenza,Swancott,fswancottqp@hugedomains.com,Genderqueer,19012,28-11-2024,461 340 2342,Human Resources
963,Staci,Message,smessageqq@ucoz.com,Female,62856,18-11-2024,215 981 0326,Support
964,Goldie,Poynor,gpoynorqr@yellowbook.com,Female,180702,04-12-2024,485 240 1030,Services
965,Esra,Middlewick,emiddlewickqs@ebay.com,Male,151360,29-11-2024,214 836 9831,Accounting
966,Forrester,Masarrat,fmasarratqt@storify.com,Male,129202,21-01-2025,216 231 9392,Business Development
967,Dasya,Chestnutt,dchestnuttqu@twitter.com,Female,68698,13-07-2025,970 274 6325,Human Resources
968,Tamera,Bythell,tbythellqv@odnoklassniki.ru,Female,180676,14-04-2025,386 521 8290,Legal
969,Baron,Novacek,bnovacekqw@elpais.com,Male,121515,27-02-2025,201 141 1840,Support
970,Alastair,Slemming,aslemmingqx@live.com,Male,82948,09-01-2025,583 496 7464,Sales
971,Ralf,Stryde,rstrydeqy@discovery.com,Male,59319,16-01-2025,456 442 5266,Engineering
972,Jolynn,Romeuf,jromeufqz@artisteer.com,Female,144836,21-02-2025,774 196 8130,Product Management
973,Levey,Troillet,ltroilletr0@smugmug.com,Male,139119,21-05-2025,762 827 0374,Services
974,Alden,Tomalin,atomalinr1@theglobeandmail.com,Male,193203,17-03-2025,684 301 2318,Product Management
975,Dalia,Bogey,dbogeyr2@canalblog.com,Female,57815,10-12-2024,613 533 6509,Legal
976,Frans,Quince,fquincer3@php.net,Male,114531,15-11-2024,161 305 9358,Training
977,Maury,Skyrm,mskyrmr4@sfgate.com,Male,23154,18-06-2025,723 630 5818,Marketing
978,Casey,Le Pine,clepiner5@ehow.com,Female,22432,06-08-2025,637 770 7345,Sales
979,Jervis,Bausor,jbausorr6@howstuffworks.com,Genderfluid,135987,09-06-2025,687 668 2591,Research and Development
980,Orion,Robillard,orobillardr7@yellowpages.com,Male,157100,29-08-2025,545 503 4455,Research and Development
981,Evelyn,Stanworth,estanworthr8@nbcnews.com,Male,187325,30-06-2025,384 133 3329,Training
982,Giovanni,Gridon,ggridonr9@craigslist.org,Male,181598,18-03-2025,191 922 5692,Support
983,Dallas,Snowling,dsnowlingra@free.fr,Male,123295,11-05-2025,197 656 2596,Research and Development
984,Selle,MacQueen,smacqueenrb@altervista.org,Female,142553,23-04-2025,505 589 6418,Human Resources
985,Sly,Lauritzen,slauritzenrc@hugedomains.com,Male,48145,24-08-2025,736 137 6661,Legal
986,Winn,Yekel,wyekelrd@cargocollective.com,Male,127249,12-08-2025,150 950 8031,Sales
987,Alanah,Smith,asmithre@upenn.edu,Agender,43920,08-11-2024,718 518 0841,Product Management
988,Redd,Mashro,rmashrorf@cisco.com,Male,128250,07-02-2025,938 864 3321,Legal
989,Lynnette,Pannaman,lpannamanrg@ucsd.edu,Female,118197,26-03-2025,910 204 1722,Legal
990,Hersch,O'Mannion,homannionrh@netscape.com,Male,115622,08-03-2025,456 677 1078,Sales
991,Mateo,Blemen,mblemenri@aol.com,Male,16148,03-09-2025,752 383 7429,Human Resources
992,Filippo,Machan,fmachanrj@auda.org.au,Male,90482,23-11-2024,179 543 2437,Legal
993,Clayborn,Dowsett,cdowsettrk@is.gd,Male,142348,26-01-2025,279 882 8771,Support
994,Carline,Rosenfeld,crosenfeldrl@time.com,Female,33311,25-11-2024,977 919 9560,Services
995,Janeen,Daysh,jdayshrm@bandcamp.com,Female,107556,12-02-2025,994 703 6582,Legal
996,Hattie,Huxter,hhuxterrn@wufoo.com,Female,177864,05-08-2025,658 692 2089,Product Management
997,Lotte,Denes,ldenesro@utexas.edu,Female,62854,28-07-2025,523 304 3143,Sales
998,Dosi,Towsie,dtowsierp@youtu.be,Female,96877,29-04-2025,316 753 7151,Business Development
999,Emmerich,Spink,espinkrq@biblegateway.com,Male,66906,13-09-2024,803 877 8227,Engineering
1000,Maurise,Lehr,mlehrrr@artisteer.com,Male,178047,14-10-2024,874 287 2536,Legal
